{
  "group_metrics": [
    {
      "ndcg_at_1": 0.54982,
      "ndcg_at_3": 0.64588,
      "ndcg_at_5": 0.6715,
      "ndcg_at_10": 0.69696,
      "ndcg_at_20": 0.71124,
      "ndcg_at_50": 0.71988,
      "ndcg_at_100": 0.72399,
      "map_at_1": 0.54982,
      "map_at_3": 0.62292,
      "map_at_5": 0.63705,
      "map_at_10": 0.64763,
      "map_at_20": 0.65163,
      "map_at_50": 0.65305,
      "map_at_100": 0.65341,
      "recall_at_1": 0.54982,
      "recall_at_3": 0.71203,
      "recall_at_5": 0.77461,
      "recall_at_10": 0.85298,
      "recall_at_20": 0.90887,
      "recall_at_50": 0.952,
      "recall_at_100": 0.97752,
      "precision_at_1": 0.54982,
      "precision_at_3": 0.23734,
      "precision_at_5": 0.15492,
      "precision_at_10": 0.0853,
      "precision_at_20": 0.04544,
      "precision_at_50": 0.01904,
      "precision_at_100": 0.00978,
      "mrr_at_1": 0.5504252733900364,
      "mrr_at_3": 0.6224179829890653,
      "mrr_at_5": 0.6372114216281906,
      "mrr_at_10": 0.647442332542576,
      "mrr_at_20": 0.6515395373835153,
      "mrr_at_50": 0.6529416215654191,
      "mrr_at_100": 0.6532996473003903,
      "naucs_at_1_max": 0.24999082527008848,
      "naucs_at_1_std": -0.11622683925840024,
      "naucs_at_1_diff1": 0.6870197503150228,
      "naucs_at_3_max": 0.2951718573683688,
      "naucs_at_3_std": -0.08781733410906963,
      "naucs_at_3_diff1": 0.569372630510546,
      "naucs_at_5_max": 0.31112610372036964,
      "naucs_at_5_std": -0.08972915631670056,
      "naucs_at_5_diff1": 0.5425597813555328,
      "naucs_at_10_max": 0.3217693130615075,
      "naucs_at_10_std": -0.021898332601165534,
      "naucs_at_10_diff1": 0.5108021766033586,
      "naucs_at_20_max": 0.3600072478514499,
      "naucs_at_20_std": 0.07112154848535852,
      "naucs_at_20_diff1": 0.5095581991656873,
      "naucs_at_50_max": 0.449108980072227,
      "naucs_at_50_std": 0.29484811904487584,
      "naucs_at_50_diff1": 0.48799819292246305,
      "naucs_at_100_max": 0.4521429591162521,
      "naucs_at_100_std": 0.4889536290809587,
      "naucs_at_100_diff1": 0.5102093697883495
    }
  ],
  "groups": [
    {
      "start": 0,
      "end": 4988
    }
  ],
  "args": {
    "dataset": "vidore/tatdqa_test_ocr_chunk",
    "model": "ColPali",
    "rerank": null,
    "document_input": "image",
    "only_text": false,
    "size": 1
  }
}