{
  "group_metrics": [
    {
      "ndcg_at_1": 0.03463,
      "ndcg_at_3": 0.05214,
      "ndcg_at_5": 0.0581,
      "ndcg_at_10": 0.06914,
      "ndcg_at_20": 0.08597,
      "ndcg_at_50": 0.1146,
      "ndcg_at_100": 0.15439,
      "map_at_1": 0.03463,
      "map_at_3": 0.04789,
      "map_at_5": 0.05117,
      "map_at_10": 0.05564,
      "map_at_20": 0.06022,
      "map_at_50": 0.06465,
      "map_at_100": 0.0681,
      "recall_at_1": 0.03463,
      "recall_at_3": 0.0644,
      "recall_at_5": 0.07898,
      "recall_at_10": 0.11361,
      "recall_at_20": 0.18044,
      "recall_at_50": 0.32685,
      "recall_at_100": 0.57351,
      "precision_at_1": 0.03463,
      "precision_at_3": 0.02147,
      "precision_at_5": 0.0158,
      "precision_at_10": 0.01136,
      "precision_at_20": 0.00902,
      "precision_at_50": 0.00654,
      "precision_at_100": 0.00574,
      "mrr_at_1": 0.03462940461725395,
      "mrr_at_3": 0.047792628594572686,
      "mrr_at_5": 0.05110368570271363,
      "mrr_at_10": 0.055569297382784606,
      "mrr_at_20": 0.06015410554174199,
      "mrr_at_50": 0.06458182916964122,
      "mrr_at_100": 0.06802520823483775,
      "naucs_at_1_max": -0.14748828506280437,
      "naucs_at_1_std": -0.2304722441074986,
      "naucs_at_1_diff1": 0.20563393565968635,
      "naucs_at_3_max": -0.06106706170451157,
      "naucs_at_3_std": -0.1314744583931992,
      "naucs_at_3_diff1": 0.15068777772723482,
      "naucs_at_5_max": -0.04291603738311066,
      "naucs_at_5_std": -0.11221915153615485,
      "naucs_at_5_diff1": 0.10905654909964055,
      "naucs_at_10_max": -0.08005957584770447,
      "naucs_at_10_std": -0.1496219657526945,
      "naucs_at_10_diff1": 0.11835491743224416,
      "naucs_at_20_max": -0.1056621645516734,
      "naucs_at_20_std": -0.14530044208895537,
      "naucs_at_20_diff1": 0.0690971094652471,
      "naucs_at_50_max": -0.1336434843200508,
      "naucs_at_50_std": -0.15123311728223002,
      "naucs_at_50_diff1": 0.003805848226920915,
      "naucs_at_100_max": -0.14856554741069225,
      "naucs_at_100_std": -0.164988288616778,
      "naucs_at_100_diff1": 0.005348663550144797
    }
  ],
  "groups": [
    {
      "start": 0,
      "end": 4988
    }
  ],
  "args": {
    "dataset": "vidore/tatdqa_test_ocr_chunk",
    "model": "SigLIP",
    "rerank": null,
    "document_input": "image+text",
    "only_text": false,
    "size": 1
  }
}