{
  "group_metrics": [
    {
      "ndcg_at_1": 0.03163,
      "ndcg_at_3": 0.04084,
      "ndcg_at_5": 0.04283,
      "ndcg_at_10": 0.05328,
      "ndcg_at_20": 0.06635,
      "ndcg_at_50": 0.09859,
      "ndcg_at_100": 0.12378,
      "map_at_1": 0.03163,
      "map_at_3": 0.03893,
      "map_at_5": 0.04002,
      "map_at_10": 0.04446,
      "map_at_20": 0.04812,
      "map_at_50": 0.05306,
      "map_at_100": 0.05526,
      "recall_at_1": 0.03163,
      "recall_at_3": 0.04623,
      "recall_at_5": 0.05109,
      "recall_at_10": 0.08273,
      "recall_at_20": 0.13382,
      "recall_at_50": 0.29927,
      "recall_at_100": 0.45499,
      "precision_at_1": 0.03163,
      "precision_at_3": 0.01541,
      "precision_at_5": 0.01022,
      "precision_at_10": 0.00827,
      "precision_at_20": 0.00669,
      "precision_at_50": 0.00599,
      "precision_at_100": 0.00455,
      "mrr_at_1": 0.031630170316301706,
      "mrr_at_3": 0.038929440389294405,
      "mrr_at_5": 0.04002433090024331,
      "mrr_at_10": 0.04446278917081837,
      "mrr_at_20": 0.04812491146896019,
      "mrr_at_50": 0.05306171538497557,
      "mrr_at_100": 0.05526288666859373,
      "naucs_at_1_max": -0.1936340806330186,
      "naucs_at_1_std": -0.29473434540045296,
      "naucs_at_1_diff1": 0.3355967481498479,
      "naucs_at_3_max": -0.19769163481208718,
      "naucs_at_3_std": -0.2668655001792791,
      "naucs_at_3_diff1": 0.1834030405567386,
      "naucs_at_5_max": -0.20146574323095418,
      "naucs_at_5_std": -0.2640516214203183,
      "naucs_at_5_diff1": 0.20376377105539473,
      "naucs_at_10_max": -0.12056652191435784,
      "naucs_at_10_std": -0.15371862709411396,
      "naucs_at_10_diff1": 0.1607916251594247,
      "naucs_at_20_max": -0.06847342050305914,
      "naucs_at_20_std": -0.08568130213251499,
      "naucs_at_20_diff1": 0.10755495345714984,
      "naucs_at_50_max": -0.0017741558196644506,
      "naucs_at_50_std": -0.00975096843718691,
      "naucs_at_50_diff1": 0.11916636179262896,
      "naucs_at_100_max": 0.03160014832090341,
      "naucs_at_100_std": 0.029310209679522806,
      "naucs_at_100_diff1": 0.12691122007192768
    }
  ],
  "groups": [
    {
      "start": 0,
      "end": 415
    }
  ],
  "args": {
    "dataset": "vidore/arxivqa_test_subsampled_ocr_chunk",
    "model": "SigLIP",
    "rerank": null,
    "document_input": "text",
    "only_text": false,
    "size": 1
  }
}