{
  "group_metrics": [
    {
      "ndcg_at_1": 0.55,
      "ndcg_at_3": 0.64809,
      "ndcg_at_5": 0.67262,
      "ndcg_at_10": 0.68947,
      "ndcg_at_20": 0.70539,
      "ndcg_at_50": 0.71768,
      "ndcg_at_100": 0.72262,
      "map_at_1": 0.55,
      "map_at_3": 0.62333,
      "map_at_5": 0.63683,
      "map_at_10": 0.64419,
      "map_at_20": 0.64895,
      "map_at_50": 0.65107,
      "map_at_100": 0.65152,
      "recall_at_1": 0.55,
      "recall_at_3": 0.72,
      "recall_at_5": 0.78,
      "recall_at_10": 0.83,
      "recall_at_20": 0.89,
      "recall_at_50": 0.95,
      "recall_at_100": 0.98,
      "precision_at_1": 0.55,
      "precision_at_3": 0.24,
      "precision_at_5": 0.156,
      "precision_at_10": 0.083,
      "precision_at_20": 0.0445,
      "precision_at_50": 0.019,
      "precision_at_100": 0.0098,
      "mrr_at_1": 0.55,
      "mrr_at_3": 0.6233333333333334,
      "mrr_at_5": 0.6368333333333335,
      "mrr_at_10": 0.6441944444444445,
      "mrr_at_20": 0.648947191697192,
      "mrr_at_50": 0.6510678501947047,
      "mrr_at_100": 0.6515246803417483,
      "naucs_at_1_max": 0.2626974654216103,
      "naucs_at_1_std": -0.2854876079477638,
      "naucs_at_1_diff1": 0.6710805307870531,
      "naucs_at_3_max": 0.2931738400488403,
      "naucs_at_3_std": -0.27300824175824084,
      "naucs_at_3_diff1": 0.6322878510378518,
      "naucs_at_5_max": 0.2579635554319097,
      "naucs_at_5_std": -0.23209069411600936,
      "naucs_at_5_diff1": 0.5284694208744848,
      "naucs_at_10_max": 0.48624252626690667,
      "naucs_at_10_std": -0.12361409415452268,
      "naucs_at_10_diff1": 0.4664189934405299,
      "naucs_at_20_max": 0.4331243020359084,
      "naucs_at_20_std": -0.1587062967099057,
      "naucs_at_20_diff1": 0.3746241731809978,
      "naucs_at_50_max": 0.6171802054155014,
      "naucs_at_50_std": -0.43380018674136483,
      "naucs_at_50_diff1": 0.5706816059757263,
      "naucs_at_100_max": 0.5541549953314752,
      "naucs_at_100_std": -0.8576097105508813,
      "naucs_at_100_diff1": 0.8692810457516348
    }
  ],
  "groups": [
    {
      "start": 0,
      "end": 1388
    }
  ],
  "args": {
    "dataset": "vidore/syntheticDocQA_energy_test_ocr_chunk",
    "model": "SigLIP",
    "rerank": null,
    "document_input": "image",
    "only_text": false,
    "size": 1
  }
}