{
  "group_metrics": [
    {
      "ndcg_at_1": 0.0,
      "ndcg_at_3": 0.00631,
      "ndcg_at_5": 0.01018,
      "ndcg_at_10": 0.01018,
      "ndcg_at_20": 0.01788,
      "ndcg_at_50": 0.03799,
      "ndcg_at_100": 0.05087,
      "map_at_1": 0.0,
      "map_at_3": 0.005,
      "map_at_5": 0.007,
      "map_at_10": 0.007,
      "map_at_20": 0.00918,
      "map_at_50": 0.01251,
      "map_at_100": 0.01361,
      "recall_at_1": 0.0,
      "recall_at_3": 0.01,
      "recall_at_5": 0.02,
      "recall_at_10": 0.02,
      "recall_at_20": 0.05,
      "recall_at_50": 0.15,
      "recall_at_100": 0.23,
      "precision_at_1": 0.0,
      "precision_at_3": 0.00333,
      "precision_at_5": 0.004,
      "precision_at_10": 0.002,
      "precision_at_20": 0.0025,
      "precision_at_50": 0.003,
      "precision_at_100": 0.0023,
      "mrr_at_1": 0.0,
      "mrr_at_3": 0.005,
      "mrr_at_5": 0.006999999999999999,
      "mrr_at_10": 0.006999999999999999,
      "mrr_at_20": 0.009178932178932179,
      "mrr_at_50": 0.012507878973162212,
      "mrr_at_100": 0.013610053818856977,
      "naucs_at_1_max": NaN,
      "naucs_at_1_std": NaN,
      "naucs_at_1_diff1": NaN,
      "naucs_at_3_max": 0.3238529648510868,
      "naucs_at_3_std": 0.3238529648510868,
      "naucs_at_3_diff1": -0.41507915213308294,
      "naucs_at_5_max": -0.04561309364099812,
      "naucs_at_5_std": 0.05902870941776234,
      "naucs_at_5_diff1": 0.12342366514623017,
      "naucs_at_10_max": -0.04561309364099812,
      "naucs_at_10_std": 0.05902870941776234,
      "naucs_at_10_diff1": 0.12342366514623017,
      "naucs_at_20_max": -0.014918164743761682,
      "naucs_at_20_std": -0.041964046149718284,
      "naucs_at_20_diff1": 0.1940971290582238,
      "naucs_at_50_max": -0.020925309948593977,
      "naucs_at_50_std": -0.05315996371333549,
      "naucs_at_50_diff1": 0.192158048583812,
      "naucs_at_100_max": 0.0756699867299156,
      "naucs_at_100_std": 0.06249142020408458,
      "naucs_at_100_diff1": 0.13631579750156325
    }
  ],
  "groups": [
    {
      "start": 0,
      "end": 1303
    }
  ],
  "args": {
    "dataset": "vidore/shiftproject_test_ocr_chunk",
    "model": "SigLIP",
    "rerank": null,
    "document_input": "text",
    "only_text": false,
    "size": 1
  }
}