{
  "group_metrics": [
    {
      "ndcg_at_1": 0.9,
      "ndcg_at_3": 0.91893,
      "ndcg_at_5": 0.93141,
      "ndcg_at_10": 0.93442,
      "ndcg_at_20": 0.93705,
      "ndcg_at_50": 0.93705,
      "ndcg_at_100": 0.93705,
      "map_at_1": 0.9,
      "map_at_3": 0.915,
      "map_at_5": 0.922,
      "map_at_10": 0.92311,
      "map_at_20": 0.92388,
      "map_at_50": 0.92388,
      "map_at_100": 0.92388,
      "recall_at_1": 0.9,
      "recall_at_3": 0.93,
      "recall_at_5": 0.96,
      "recall_at_10": 0.97,
      "recall_at_20": 0.98,
      "recall_at_50": 0.98,
      "recall_at_100": 0.98,
      "precision_at_1": 0.9,
      "precision_at_3": 0.31,
      "precision_at_5": 0.192,
      "precision_at_10": 0.097,
      "precision_at_20": 0.049,
      "precision_at_50": 0.0196,
      "precision_at_100": 0.0098,
      "mrr_at_1": 0.9,
      "mrr_at_3": 0.915,
      "mrr_at_5": 0.922,
      "mrr_at_10": 0.9231111111111112,
      "mrr_at_20": 0.923880341880342,
      "mrr_at_50": 0.923880341880342,
      "mrr_at_100": 0.923880341880342,
      "naucs_at_1_max": 0.1944444444444436,
      "naucs_at_1_std": -0.15424836601307282,
      "naucs_at_1_diff1": 0.8268440709617176,
      "naucs_at_3_max": 0.37361611311191417,
      "naucs_at_3_std": -0.38822195544884586,
      "naucs_at_3_diff1": 0.792316926770708,
      "naucs_at_5_max": 0.6202147525676922,
      "naucs_at_5_std": 0.3314659197012158,
      "naucs_at_5_diff1": 0.7806956115779652,
      "naucs_at_10_max": 0.7075941487706191,
      "naucs_at_10_std": 0.401027077497665,
      "naucs_at_10_diff1": 0.7075941487706191,
      "naucs_at_20_max": 1.0,
      "naucs_at_20_std": 0.540149393090577,
      "naucs_at_20_diff1": 1.0,
      "naucs_at_50_max": 1.0,
      "naucs_at_50_std": 0.5401493930905731,
      "naucs_at_50_diff1": 1.0,
      "naucs_at_100_max": 1.0,
      "naucs_at_100_std": 0.5401493930905731,
      "naucs_at_100_diff1": 1.0
    }
  ],
  "groups": [
    {
      "start": 0,
      "end": 1208
    }
  ],
  "args": {
    "dataset": "vidore/syntheticDocQA_artificial_intelligence_test_ocr_chunk",
    "model": "ColPali",
    "rerank": null,
    "document_input": "text",
    "only_text": false,
    "size": 1
  }
}