{
  "group_metrics": [
    {
      "ndcg_at_1": 0.84,
      "ndcg_at_3": 0.93071,
      "ndcg_at_5": 0.93071,
      "ndcg_at_10": 0.93404,
      "ndcg_at_20": 0.93404,
      "ndcg_at_50": 0.93404,
      "ndcg_at_100": 0.93404,
      "map_at_1": 0.84,
      "map_at_3": 0.91,
      "map_at_5": 0.91,
      "map_at_10": 0.91143,
      "map_at_20": 0.91143,
      "map_at_50": 0.91143,
      "map_at_100": 0.91143,
      "recall_at_1": 0.84,
      "recall_at_3": 0.99,
      "recall_at_5": 0.99,
      "recall_at_10": 1.0,
      "recall_at_20": 1.0,
      "recall_at_50": 1.0,
      "recall_at_100": 1.0,
      "precision_at_1": 0.84,
      "precision_at_3": 0.33,
      "precision_at_5": 0.198,
      "precision_at_10": 0.1,
      "precision_at_20": 0.05,
      "precision_at_50": 0.02,
      "precision_at_100": 0.01,
      "mrr_at_1": 0.86,
      "mrr_at_3": 0.92,
      "mrr_at_5": 0.92,
      "mrr_at_10": 0.9216666666666667,
      "mrr_at_20": 0.9216666666666667,
      "mrr_at_50": 0.9216666666666667,
      "mrr_at_100": 0.9216666666666667,
      "naucs_at_1_max": 0.5386597938144334,
      "naucs_at_1_std": 0.0756627393225331,
      "naucs_at_1_diff1": 0.8852479135984288,
      "naucs_at_3_max": 1.0,
      "naucs_at_3_std": -0.5634920634921204,
      "naucs_at_3_diff1": 1.0,
      "naucs_at_5_max": 1.0,
      "naucs_at_5_std": -0.5634920634920767,
      "naucs_at_5_diff1": 1.0,
      "naucs_at_10_max": 1.0,
      "naucs_at_10_std": 1.0,
      "naucs_at_10_diff1": 1.0,
      "naucs_at_20_max": 1.0,
      "naucs_at_20_std": 1.0,
      "naucs_at_20_diff1": 1.0,
      "naucs_at_50_max": NaN,
      "naucs_at_50_std": NaN,
      "naucs_at_50_diff1": NaN,
      "naucs_at_100_max": NaN,
      "naucs_at_100_std": NaN,
      "naucs_at_100_diff1": NaN
    }
  ],
  "groups": [
    {
      "start": 0,
      "end": 1336
    }
  ],
  "args": {
    "dataset": "vidore/syntheticDocQA_government_reports_test_ocr_chunk",
    "model": "ColPali",
    "rerank": null,
    "document_input": "image",
    "only_text": false,
    "size": 1
  }
}