{
  "group_metrics": [
    {
      "ndcg_at_1": 0.9,
      "ndcg_at_3": 0.94524,
      "ndcg_at_5": 0.94954,
      "ndcg_at_10": 0.95255,
      "ndcg_at_20": 0.95255,
      "ndcg_at_50": 0.95255,
      "ndcg_at_100": 0.95255,
      "map_at_1": 0.9,
      "map_at_3": 0.93333,
      "map_at_5": 0.93583,
      "map_at_10": 0.93694,
      "map_at_20": 0.93694,
      "map_at_50": 0.93694,
      "map_at_100": 0.93694,
      "recall_at_1": 0.9,
      "recall_at_3": 0.98,
      "recall_at_5": 0.99,
      "recall_at_10": 1.0,
      "recall_at_20": 1.0,
      "recall_at_50": 1.0,
      "recall_at_100": 1.0,
      "precision_at_1": 0.9,
      "precision_at_3": 0.32667,
      "precision_at_5": 0.198,
      "precision_at_10": 0.1,
      "precision_at_20": 0.05,
      "precision_at_50": 0.02,
      "precision_at_100": 0.01,
      "mrr_at_1": 0.9,
      "mrr_at_3": 0.9333333333333332,
      "mrr_at_5": 0.9358333333333333,
      "mrr_at_10": 0.9369444444444445,
      "mrr_at_20": 0.9369444444444445,
      "mrr_at_50": 0.9369444444444445,
      "mrr_at_100": 0.9369444444444445,
      "naucs_at_1_max": 0.40163398692810404,
      "naucs_at_1_std": -0.19766573295985088,
      "naucs_at_1_diff1": 0.9346405228758172,
      "naucs_at_3_max": 0.0793650793650649,
      "naucs_at_3_std": -0.6909430438842241,
      "naucs_at_3_diff1": 1.0,
      "naucs_at_5_max": -0.5634920634920767,
      "naucs_at_5_std": -1.7399626517273863,
      "naucs_at_5_diff1": 1.0,
      "naucs_at_10_max": 1.0,
      "naucs_at_10_std": 1.0,
      "naucs_at_10_diff1": 1.0,
      "naucs_at_20_max": 1.0,
      "naucs_at_20_std": 1.0,
      "naucs_at_20_diff1": 1.0,
      "naucs_at_50_max": NaN,
      "naucs_at_50_std": NaN,
      "naucs_at_50_diff1": NaN,
      "naucs_at_100_max": NaN,
      "naucs_at_100_std": NaN,
      "naucs_at_100_diff1": NaN
    }
  ],
  "groups": [
    {
      "start": 0,
      "end": 1311
    }
  ],
  "args": {
    "dataset": "vidore/syntheticDocQA_healthcare_industry_test_ocr_chunk",
    "model": "ColPali",
    "rerank": null,
    "document_input": "image+text",
    "only_text": false,
    "size": 1
  }
}