{
  "group_metrics": [
    {
      "ndcg_at_1": 0.00895,
      "ndcg_at_3": 0.01542,
      "ndcg_at_5": 0.02293,
      "ndcg_at_10": 0.0305,
      "ndcg_at_20": 0.04077,
      "ndcg_at_50": 0.06051,
      "ndcg_at_100": 0.08087,
      "map_at_1": 0.00895,
      "map_at_3": 0.0138,
      "map_at_5": 0.01805,
      "map_at_10": 0.02095,
      "map_at_20": 0.02381,
      "map_at_50": 0.02687,
      "map_at_100": 0.02857,
      "recall_at_1": 0.00895,
      "recall_at_3": 0.02013,
      "recall_at_5": 0.03803,
      "recall_at_10": 0.06264,
      "recall_at_20": 0.10291,
      "recall_at_50": 0.20358,
      "recall_at_100": 0.3311,
      "precision_at_1": 0.00895,
      "precision_at_3": 0.00671,
      "precision_at_5": 0.00761,
      "precision_at_10": 0.00626,
      "precision_at_20": 0.00515,
      "precision_at_50": 0.00407,
      "precision_at_100": 0.00331,
      "mrr_at_1": 0.008948545861297539,
      "mrr_at_3": 0.013795674869500374,
      "mrr_at_5": 0.018046234153616704,
      "mrr_at_10": 0.02094740953801356,
      "mrr_at_20": 0.023806305612775993,
      "mrr_at_50": 0.026868040109727643,
      "mrr_at_100": 0.02856781195189739,
      "naucs_at_1_max": -0.0777648013654393,
      "naucs_at_1_std": -0.10144124925714784,
      "naucs_at_1_diff1": 0.3808689848823007,
      "naucs_at_3_max": -0.1990789669080879,
      "naucs_at_3_std": -0.2003159903083237,
      "naucs_at_3_diff1": 0.32287377980230453,
      "naucs_at_5_max": -0.13966605442154445,
      "naucs_at_5_std": -0.09720067997629482,
      "naucs_at_5_diff1": 0.12732794263419453,
      "naucs_at_10_max": -0.17003735375171194,
      "naucs_at_10_std": -0.1355713183938733,
      "naucs_at_10_diff1": 0.014572335160697085,
      "naucs_at_20_max": -0.17567771487328948,
      "naucs_at_20_std": -0.14122771258522399,
      "naucs_at_20_diff1": 0.023590996345852735,
      "naucs_at_50_max": -0.09653055544745234,
      "naucs_at_50_std": -0.1257958733922099,
      "naucs_at_50_diff1": 0.05755423071592711,
      "naucs_at_100_max": -0.110493010054242,
      "naucs_at_100_std": -0.1366636372315714,
      "naucs_at_100_diff1": 0.03418451641059226
    }
  ],
  "groups": [
    {
      "start": 0,
      "end": 714
    }
  ],
  "args": {
    "dataset": "vidore/docvqa_test_subsampled_ocr_chunk",
    "model": "SigLIP",
    "rerank": null,
    "document_input": "image+text",
    "only_text": false,
    "size": 1
  }
}