{
  "group_metrics": [
    {
      "ndcg_at_1": 0.02,
      "ndcg_at_3": 0.02631,
      "ndcg_at_5": 0.03018,
      "ndcg_at_10": 0.04008,
      "ndcg_at_20": 0.05593,
      "ndcg_at_50": 0.07897,
      "ndcg_at_100": 0.11157,
      "map_at_1": 0.02,
      "map_at_3": 0.025,
      "map_at_5": 0.027,
      "map_at_10": 0.03121,
      "map_at_20": 0.03591,
      "map_at_50": 0.0393,
      "map_at_100": 0.04221,
      "recall_at_1": 0.02,
      "recall_at_3": 0.03,
      "recall_at_5": 0.04,
      "recall_at_10": 0.07,
      "recall_at_20": 0.13,
      "recall_at_50": 0.25,
      "recall_at_100": 0.45,
      "precision_at_1": 0.02,
      "precision_at_3": 0.01,
      "precision_at_5": 0.008,
      "precision_at_10": 0.007,
      "precision_at_20": 0.0065,
      "precision_at_50": 0.005,
      "precision_at_100": 0.0045,
      "mrr_at_1": 0.02,
      "mrr_at_3": 0.025,
      "mrr_at_5": 0.027000000000000003,
      "mrr_at_10": 0.03231746031746032,
      "mrr_at_20": 0.036226551226551225,
      "mrr_at_50": 0.039698775773098695,
      "mrr_at_100": 0.04261066853100241,
      "naucs_at_1_max": -0.13818084250067084,
      "naucs_at_1_std": -0.053662463107056656,
      "naucs_at_1_diff1": 0.21116179232626778,
      "naucs_at_3_max": -0.25865307217601285,
      "naucs_at_3_std": -0.20230748591360342,
      "naucs_at_3_diff1": 0.03461228870405152,
      "naucs_at_5_max": -0.11302656291923796,
      "naucs_at_5_std": -0.0707673732224309,
      "naucs_at_5_diff1": 0.05057687147840097,
      "naucs_at_10_max": -0.0031814174556325523,
      "naucs_at_10_std": -0.014450534708114379,
      "naucs_at_10_diff1": 0.15642607995707017,
      "naucs_at_20_max": -0.042577958854738016,
      "naucs_at_20_std": 0.009133442277987885,
      "naucs_at_20_diff1": 0.18893689418190773,
      "naucs_at_50_max": -0.10674512688488412,
      "naucs_at_50_std": -0.126826038984921,
      "naucs_at_50_diff1": 0.24932695844060315,
      "naucs_at_100_max": -0.026923328750082024,
      "naucs_at_100_std": -0.06817259215609252,
      "naucs_at_100_diff1": 0.28008904602893986
    }
  ],
  "groups": [
    {
      "start": 0,
      "end": 1388
    }
  ],
  "args": {
    "dataset": "vidore/syntheticDocQA_energy_test_ocr_chunk",
    "model": "SigLIP",
    "rerank": null,
    "document_input": "text",
    "only_text": false,
    "size": 1
  }
}