{
  "group_metrics": [
    {
      "ndcg_at_1": 0.48546,
      "ndcg_at_3": 0.5457,
      "ndcg_at_5": 0.56977,
      "ndcg_at_10": 0.58856,
      "ndcg_at_20": 0.59932,
      "ndcg_at_50": 0.61354,
      "ndcg_at_100": 0.62268,
      "map_at_1": 0.48546,
      "map_at_3": 0.53095,
      "map_at_5": 0.54437,
      "map_at_10": 0.55212,
      "map_at_20": 0.55508,
      "map_at_50": 0.55737,
      "map_at_100": 0.5582,
      "recall_at_1": 0.48546,
      "recall_at_3": 0.58837,
      "recall_at_5": 0.64653,
      "recall_at_10": 0.7047,
      "recall_at_20": 0.7472,
      "recall_at_50": 0.81879,
      "recall_at_100": 0.87472,
      "precision_at_1": 0.48546,
      "precision_at_3": 0.19612,
      "precision_at_5": 0.12931,
      "precision_at_10": 0.07047,
      "precision_at_20": 0.03736,
      "precision_at_50": 0.01638,
      "precision_at_100": 0.00875,
      "mrr_at_1": 0.48322147651006714,
      "mrr_at_3": 0.5294556301267712,
      "mrr_at_5": 0.5433258762117824,
      "mrr_at_10": 0.5505699371471184,
      "mrr_at_20": 0.553665760723909,
      "mrr_at_50": 0.5561596043546874,
      "mrr_at_100": 0.5568652543746604,
      "naucs_at_1_max": 0.33859227465165714,
      "naucs_at_1_std": 0.25767219807547387,
      "naucs_at_1_diff1": 0.8276423810733854,
      "naucs_at_3_max": 0.2456011130250954,
      "naucs_at_3_std": 0.32452912298997433,
      "naucs_at_3_diff1": 0.7691727635135384,
      "naucs_at_5_max": 0.17903776885424552,
      "naucs_at_5_std": 0.3325924867432935,
      "naucs_at_5_diff1": 0.7524004349875806,
      "naucs_at_10_max": 0.10027046406489235,
      "naucs_at_10_std": 0.40348629799009217,
      "naucs_at_10_diff1": 0.7411894289144938,
      "naucs_at_20_max": 0.01523386901975154,
      "naucs_at_20_std": 0.5258549111413039,
      "naucs_at_20_diff1": 0.7562473853276084,
      "naucs_at_50_max": -0.08769423805166048,
      "naucs_at_50_std": 0.715943748137648,
      "naucs_at_50_diff1": 0.7349533287651544,
      "naucs_at_100_max": -0.20223476153884734,
      "naucs_at_100_std": 0.7261816480745118,
      "naucs_at_100_diff1": 0.7120024574557006
    }
  ],
  "groups": [
    {
      "start": 0,
      "end": 714
    }
  ],
  "args": {
    "dataset": "vidore/docvqa_test_subsampled_ocr_chunk",
    "model": "ColPali",
    "rerank": null,
    "document_input": "image+text",
    "only_text": false,
    "size": 1
  }
}