{
  "group_metrics": [
    {
      "ndcg_at_1": 0.62,
      "ndcg_at_3": 0.75464,
      "ndcg_at_5": 0.77574,
      "ndcg_at_10": 0.79592,
      "ndcg_at_20": 0.79862,
      "ndcg_at_50": 0.80272,
      "ndcg_at_100": 0.80272,
      "map_at_1": 0.62,
      "map_at_3": 0.72167,
      "map_at_5": 0.73367,
      "map_at_10": 0.74246,
      "map_at_20": 0.74329,
      "map_at_50": 0.74401,
      "map_at_100": 0.74401,
      "recall_at_1": 0.62,
      "recall_at_3": 0.85,
      "recall_at_5": 0.9,
      "recall_at_10": 0.96,
      "recall_at_20": 0.97,
      "recall_at_50": 0.99,
      "recall_at_100": 0.99,
      "precision_at_1": 0.62,
      "precision_at_3": 0.28333,
      "precision_at_5": 0.18,
      "precision_at_10": 0.096,
      "precision_at_20": 0.0485,
      "precision_at_50": 0.0198,
      "precision_at_100": 0.0099,
      "mrr_at_1": 0.63,
      "mrr_at_3": 0.7383333333333334,
      "mrr_at_5": 0.7458333333333335,
      "mrr_at_10": 0.7567857142857143,
      "mrr_at_20": 0.7572857142857142,
      "mrr_at_50": 0.7575634920634919,
      "mrr_at_100": 0.7575634920634919,
      "naucs_at_1_max": -0.03462757283943031,
      "naucs_at_1_std": -0.36570470418115253,
      "naucs_at_1_diff1": 0.6359259145309665,
      "naucs_at_3_max": -0.11578262284412491,
      "naucs_at_3_std": -0.5946306540839549,
      "naucs_at_3_diff1": 0.5849983729254793,
      "naucs_at_5_max": -0.214052287581697,
      "naucs_at_5_std": -0.5850606909430383,
      "naucs_at_5_diff1": 0.47418300653594764,
      "naucs_at_10_max": -0.41608309990662457,
      "naucs_at_10_std": -1.0536881419234245,
      "naucs_at_10_diff1": 0.7169701213818862,
      "naucs_at_20_max": -0.8445378151260495,
      "naucs_at_20_std": -0.8249299719887969,
      "naucs_at_20_diff1": 0.6661998132586376,
      "naucs_at_50_max": 0.35807656395892007,
      "naucs_at_50_std": -0.5634920634920583,
      "naucs_at_50_diff1": 0.7222222222222041,
      "naucs_at_100_max": 0.35807656395892007,
      "naucs_at_100_std": -0.5634920634920583,
      "naucs_at_100_diff1": 0.7222222222222041
    }
  ],
  "groups": [
    {
      "start": 0,
      "end": 1303
    }
  ],
  "args": {
    "dataset": "vidore/shiftproject_test_ocr_chunk",
    "model": "ColPali",
    "rerank": null,
    "document_input": "image",
    "only_text": false,
    "size": 1
  }
}