{
  "group_metrics": [
    {
      "ndcg_at_1": 0.74696,
      "ndcg_at_3": 0.80211,
      "ndcg_at_5": 0.81875,
      "ndcg_at_10": 0.83347,
      "ndcg_at_20": 0.83788,
      "ndcg_at_50": 0.84336,
      "ndcg_at_100": 0.84651,
      "map_at_1": 0.74696,
      "map_at_3": 0.78913,
      "map_at_5": 0.79813,
      "map_at_10": 0.80454,
      "map_at_20": 0.80581,
      "map_at_50": 0.80677,
      "map_at_100": 0.80704,
      "recall_at_1": 0.74696,
      "recall_at_3": 0.83942,
      "recall_at_5": 0.88078,
      "recall_at_10": 0.92457,
      "recall_at_20": 0.94161,
      "recall_at_50": 0.96837,
      "recall_at_100": 0.98783,
      "precision_at_1": 0.74696,
      "precision_at_3": 0.27981,
      "precision_at_5": 0.17616,
      "precision_at_10": 0.09246,
      "precision_at_20": 0.04708,
      "precision_at_50": 0.01937,
      "precision_at_100": 0.00988,
      "mrr_at_1": 0.7469586374695864,
      "mrr_at_3": 0.7895377128953772,
      "mrr_at_5": 0.7974452554744524,
      "mrr_at_10": 0.8049579036805314,
      "mrr_at_20": 0.8060015612935322,
      "mrr_at_50": 0.8069719173626448,
      "mrr_at_100": 0.8072506314693684,
      "naucs_at_1_max": 0.6874457697639743,
      "naucs_at_1_std": -0.17394058049312122,
      "naucs_at_1_diff1": 0.9415222539163659,
      "naucs_at_3_max": 0.7063590059560414,
      "naucs_at_3_std": -0.1629038160239555,
      "naucs_at_3_diff1": 0.9030519378213232,
      "naucs_at_5_max": 0.7430149245480046,
      "naucs_at_5_std": -0.14744198957630356,
      "naucs_at_5_diff1": 0.8729237892990546,
      "naucs_at_10_max": 0.7781087227530717,
      "naucs_at_10_std": -0.2040330968949605,
      "naucs_at_10_diff1": 0.8569213912354515,
      "naucs_at_20_max": 0.8498967617044878,
      "naucs_at_20_std": -0.1314748115241874,
      "naucs_at_20_diff1": 0.8553419127378752,
      "naucs_at_50_max": 0.8501378241835061,
      "naucs_at_50_std": -0.05207903654837081,
      "naucs_at_50_diff1": 0.8828010916402648,
      "naucs_at_100_max": 0.8889387796521807,
      "naucs_at_100_std": 0.27910907193859213,
      "naucs_at_100_diff1": 0.9477265500795077
    }
  ],
  "groups": [
    {
      "start": 0,
      "end": 415
    }
  ],
  "args": {
    "dataset": "vidore/arxivqa_test_subsampled_ocr_chunk",
    "model": "ColPali",
    "rerank": null,
    "document_input": "image",
    "only_text": false,
    "size": 1
  }
}