{
  "group_metrics": [
    {
      "ndcg_at_1": 0.7,
      "ndcg_at_3": 0.81595,
      "ndcg_at_5": 0.82026,
      "ndcg_at_10": 0.82715,
      "ndcg_at_20": 0.8296,
      "ndcg_at_50": 0.83155,
      "ndcg_at_100": 0.8331,
      "map_at_1": 0.7,
      "map_at_3": 0.79,
      "map_at_5": 0.7925,
      "map_at_10": 0.7956,
      "map_at_20": 0.79622,
      "map_at_50": 0.79651,
      "map_at_100": 0.79663,
      "recall_at_1": 0.7,
      "recall_at_3": 0.89,
      "recall_at_5": 0.9,
      "recall_at_10": 0.92,
      "recall_at_20": 0.93,
      "recall_at_50": 0.94,
      "recall_at_100": 0.95,
      "precision_at_1": 0.7,
      "precision_at_3": 0.29667,
      "precision_at_5": 0.18,
      "precision_at_10": 0.092,
      "precision_at_20": 0.0465,
      "precision_at_50": 0.0188,
      "precision_at_100": 0.0095,
      "mrr_at_1": 0.71,
      "mrr_at_3": 0.7983333333333335,
      "mrr_at_5": 0.7983333333333335,
      "mrr_at_10": 0.8014285714285714,
      "mrr_at_20": 0.802095238095238,
      "mrr_at_50": 0.8023893557422969,
      "mrr_at_100": 0.8025113069618093,
      "naucs_at_1_max": 0.4494325346784362,
      "naucs_at_1_std": 0.06737524770311672,
      "naucs_at_1_diff1": 0.7431633939830662,
      "naucs_at_3_max": 0.5686367150588412,
      "naucs_at_3_std": 0.1255046817283748,
      "naucs_at_3_diff1": 0.7049652091744685,
      "naucs_at_5_max": 0.582259570494864,
      "naucs_at_5_std": 0.12413632119514552,
      "naucs_at_5_diff1": 0.6793183940242762,
      "naucs_at_10_max": 0.7467903828197948,
      "naucs_at_10_std": 0.17413632119514777,
      "naucs_at_10_diff1": 0.6338702147525689,
      "naucs_at_20_max": 0.7743097238895558,
      "naucs_at_20_std": 0.2795118047218888,
      "naucs_at_20_diff1": 0.6002400960384168,
      "naucs_at_50_max": 0.7829909741674408,
      "naucs_at_50_std": 0.4200124494242164,
      "naucs_at_50_diff1": 0.6079209461562416,
      "naucs_at_100_max": 0.7395891690009352,
      "naucs_at_100_std": 0.359570494864615,
      "naucs_at_100_diff1": 0.5556489262371637
    }
  ],
  "groups": [
    {
      "start": 0,
      "end": 1336
    }
  ],
  "args": {
    "dataset": "vidore/syntheticDocQA_government_reports_test_ocr_chunk",
    "model": "ColPali",
    "rerank": null,
    "document_input": "text",
    "only_text": false,
    "size": 1
  }
}