{
  "group_metrics": [
    {
      "ndcg_at_1": 0.52535,
      "ndcg_at_3": 0.62008,
      "ndcg_at_5": 0.6461,
      "ndcg_at_10": 0.67345,
      "ndcg_at_20": 0.68537,
      "ndcg_at_50": 0.69281,
      "ndcg_at_100": 0.69946,
      "map_at_1": 0.52535,
      "map_at_3": 0.59736,
      "map_at_5": 0.61187,
      "map_at_10": 0.62303,
      "map_at_20": 0.62637,
      "map_at_50": 0.62765,
      "map_at_100": 0.62825,
      "recall_at_1": 0.52535,
      "recall_at_3": 0.6856,
      "recall_at_5": 0.74848,
      "recall_at_10": 0.83367,
      "recall_at_20": 0.88032,
      "recall_at_50": 0.91684,
      "recall_at_100": 0.9574,
      "precision_at_1": 0.52535,
      "precision_at_3": 0.22853,
      "precision_at_5": 0.1497,
      "precision_at_10": 0.08337,
      "precision_at_20": 0.04402,
      "precision_at_50": 0.01834,
      "precision_at_100": 0.00957,
      "mrr_at_1": 0.5253549695740365,
      "mrr_at_3": 0.5973630831643002,
      "mrr_at_5": 0.611866125760649,
      "mrr_at_10": 0.6230263369715705,
      "mrr_at_20": 0.6263688321968645,
      "mrr_at_50": 0.6276469600861379,
      "mrr_at_100": 0.6282497495497219,
      "naucs_at_1_max": 0.33078987231228696,
      "naucs_at_1_std": -0.15102101589530556,
      "naucs_at_1_diff1": 0.6858891119820723,
      "naucs_at_3_max": 0.3326806503513248,
      "naucs_at_3_std": -0.12088893152679049,
      "naucs_at_3_diff1": 0.5680244027480783,
      "naucs_at_5_max": 0.3259025347919266,
      "naucs_at_5_std": -0.12573728277553373,
      "naucs_at_5_diff1": 0.530474930601322,
      "naucs_at_10_max": 0.29934644900568874,
      "naucs_at_10_std": -0.0965881975732048,
      "naucs_at_10_diff1": 0.5044347171437816,
      "naucs_at_20_max": 0.4143561530733199,
      "naucs_at_20_std": 0.07605071575472477,
      "naucs_at_20_diff1": 0.5272359660268475,
      "naucs_at_50_max": 0.39850848556635277,
      "naucs_at_50_std": 0.14140589022405642,
      "naucs_at_50_diff1": 0.5190416960692196,
      "naucs_at_100_max": 0.40569899351915695,
      "naucs_at_100_std": 0.23508476372482404,
      "naucs_at_100_diff1": 0.6399822935541828
    }
  ],
  "groups": [
    {
      "start": 0,
      "end": 575
    }
  ],
  "args": {
    "dataset": "vidore/infovqa_test_subsampled_ocr_chunk",
    "model": "SigLIP",
    "rerank": null,
    "document_input": "image",
    "only_text": false,
    "size": 1
  }
}