{
  "group_metrics": [
    {
      "ndcg_at_1": 0.217,
      "ndcg_at_3": 0.28372,
      "ndcg_at_5": 0.30596,
      "ndcg_at_10": 0.33074,
      "ndcg_at_20": 0.35196,
      "ndcg_at_50": 0.37354,
      "ndcg_at_100": 0.39029,
      "map_at_1": 0.217,
      "map_at_3": 0.26734,
      "map_at_5": 0.27975,
      "map_at_10": 0.29009,
      "map_at_20": 0.29578,
      "map_at_50": 0.29918,
      "map_at_100": 0.30067,
      "recall_at_1": 0.217,
      "recall_at_3": 0.3311,
      "recall_at_5": 0.38479,
      "recall_at_10": 0.46085,
      "recall_at_20": 0.54586,
      "recall_at_50": 0.65548,
      "recall_at_100": 0.75839,
      "precision_at_1": 0.217,
      "precision_at_3": 0.11037,
      "precision_at_5": 0.07696,
      "precision_at_10": 0.04609,
      "precision_at_20": 0.02729,
      "precision_at_50": 0.01311,
      "precision_at_100": 0.00758,
      "mrr_at_1": 0.21700223713646533,
      "mrr_at_3": 0.26733780760626386,
      "mrr_at_5": 0.27975391498881425,
      "mrr_at_10": 0.29009445687298036,
      "mrr_at_20": 0.2957832663681251,
      "mrr_at_50": 0.2991783464589681,
      "mrr_at_100": 0.3006653486890785,
      "naucs_at_1_max": 0.14821460355186236,
      "naucs_at_1_std": 0.046456279396133296,
      "naucs_at_1_diff1": 0.48727856565810135,
      "naucs_at_3_max": 0.20487821316265428,
      "naucs_at_3_std": 0.14201851193185527,
      "naucs_at_3_diff1": 0.4218345537244614,
      "naucs_at_5_max": 0.1963760151294321,
      "naucs_at_5_std": 0.16755695394070821,
      "naucs_at_5_diff1": 0.37758649328076344,
      "naucs_at_10_max": 0.14219820445978887,
      "naucs_at_10_std": 0.1409840738783189,
      "naucs_at_10_diff1": 0.33895999515174097,
      "naucs_at_20_max": 0.07669728384336168,
      "naucs_at_20_std": 0.11605654561215797,
      "naucs_at_20_diff1": 0.2990843048528579,
      "naucs_at_50_max": 0.07274900051376786,
      "naucs_at_50_std": 0.20861840565362885,
      "naucs_at_50_diff1": 0.3643614924178177,
      "naucs_at_100_max": 0.08189261792272462,
      "naucs_at_100_std": 0.2573995148196495,
      "naucs_at_100_diff1": 0.3453855049808702
    }
  ],
  "groups": [
    {
      "start": 0,
      "end": 714
    }
  ],
  "args": {
    "dataset": "vidore/docvqa_test_subsampled_ocr_chunk",
    "model": "SigLIP",
    "rerank": null,
    "document_input": "image",
    "only_text": false,
    "size": 1
  }
}