{
  "group_metrics": [
    {
      "ndcg_at_1": 0.83267,
      "ndcg_at_3": 0.87877,
      "ndcg_at_5": 0.89215,
      "ndcg_at_10": 0.89728,
      "ndcg_at_20": 0.90327,
      "ndcg_at_50": 0.90674,
      "ndcg_at_100": 0.90674,
      "map_at_1": 0.83267,
      "map_at_3": 0.8672,
      "map_at_5": 0.87477,
      "map_at_10": 0.87687,
      "map_at_20": 0.87848,
      "map_at_50": 0.87918,
      "map_at_100": 0.87918,
      "recall_at_1": 0.83267,
      "recall_at_3": 0.91235,
      "recall_at_5": 0.94422,
      "recall_at_10": 0.96016,
      "recall_at_20": 0.98406,
      "recall_at_50": 1.0,
      "recall_at_100": 1.0,
      "precision_at_1": 0.83267,
      "precision_at_3": 0.30412,
      "precision_at_5": 0.18884,
      "precision_at_10": 0.09602,
      "precision_at_20": 0.0492,
      "precision_at_50": 0.02,
      "precision_at_100": 0.01,
      "mrr_at_1": 0.8286852589641435,
      "mrr_at_3": 0.8678618857901726,
      "mrr_at_5": 0.8742363877822045,
      "mrr_at_10": 0.8756750774679061,
      "mrr_at_20": 0.8773036282000425,
      "mrr_at_50": 0.8779784115839891,
      "mrr_at_100": 0.8779784115839891,
      "naucs_at_1_max": 0.7142532887379929,
      "naucs_at_1_std": 0.43926817061882856,
      "naucs_at_1_diff1": 0.853763554266585,
      "naucs_at_3_max": 0.7209546154966187,
      "naucs_at_3_std": 0.5828105258384304,
      "naucs_at_3_diff1": 0.7609955353160207,
      "naucs_at_5_max": 0.6364392601850726,
      "naucs_at_5_std": 0.5255796931569882,
      "naucs_at_5_diff1": 0.7145518274754746,
      "naucs_at_10_max": 0.7329907005225316,
      "naucs_at_10_std": 0.7419229803001096,
      "naucs_at_10_diff1": 0.7004227164354595,
      "naucs_at_20_max": 0.7807128321412536,
      "naucs_at_20_std": 0.8886614102479911,
      "naucs_at_20_diff1": 0.5757926516796906,
      "naucs_at_50_max": NaN,
      "naucs_at_50_std": NaN,
      "naucs_at_50_diff1": NaN,
      "naucs_at_100_max": NaN,
      "naucs_at_100_std": NaN,
      "naucs_at_100_diff1": NaN
    }
  ],
  "groups": [
    {
      "start": 0,
      "end": 414
    }
  ],
  "args": {
    "dataset": "vidore/tabfquad_test_subsampled_ocr_chunk",
    "model": "ColPali",
    "rerank": null,
    "document_input": "image",
    "only_text": false,
    "size": 1
  }
}