{
  "group_metrics": [
    {
      "ndcg_at_1": 0.39044,
      "ndcg_at_3": 0.47865,
      "ndcg_at_5": 0.49133,
      "ndcg_at_10": 0.51517,
      "ndcg_at_20": 0.54454,
      "ndcg_at_50": 0.58263,
      "ndcg_at_100": 0.59013,
      "map_at_1": 0.39044,
      "map_at_3": 0.45684,
      "map_at_5": 0.46361,
      "map_at_10": 0.47306,
      "map_at_20": 0.48122,
      "map_at_50": 0.48742,
      "map_at_100": 0.4882,
      "recall_at_1": 0.39044,
      "recall_at_3": 0.54183,
      "recall_at_5": 0.57371,
      "recall_at_10": 0.6494,
      "recall_at_20": 0.76494,
      "recall_at_50": 0.95618,
      "recall_at_100": 1.0,
      "precision_at_1": 0.39044,
      "precision_at_3": 0.18061,
      "precision_at_5": 0.11474,
      "precision_at_10": 0.06494,
      "precision_at_20": 0.03825,
      "precision_at_50": 0.01912,
      "precision_at_100": 0.01,
      "mrr_at_1": 0.40239043824701193,
      "mrr_at_3": 0.46879150066401065,
      "mrr_at_5": 0.4747675962815405,
      "mrr_at_10": 0.4836447859356226,
      "mrr_at_20": 0.4915083246790475,
      "mrr_at_50": 0.4981864863084699,
      "mrr_at_100": 0.49904150321445045,
      "naucs_at_1_max": 0.3174789873370929,
      "naucs_at_1_std": 0.09133905171294447,
      "naucs_at_1_diff1": 0.5529248864701481,
      "naucs_at_3_max": 0.36742866519271883,
      "naucs_at_3_std": 0.18419918550384087,
      "naucs_at_3_diff1": 0.3353494463842922,
      "naucs_at_5_max": 0.3453324005054347,
      "naucs_at_5_std": 0.16631363254295592,
      "naucs_at_5_diff1": 0.34288689429087627,
      "naucs_at_10_max": 0.28823471470741646,
      "naucs_at_10_std": 0.10683790383110421,
      "naucs_at_10_diff1": 0.34536986106671547,
      "naucs_at_20_max": 0.31659614593944074,
      "naucs_at_20_std": 0.1990120993100617,
      "naucs_at_20_diff1": 0.2996965039008276,
      "naucs_at_50_max": 0.17095506489362225,
      "naucs_at_50_std": -0.019918138506761572,
      "naucs_at_50_diff1": 0.34814260357069654,
      "naucs_at_100_max": NaN,
      "naucs_at_100_std": NaN,
      "naucs_at_100_diff1": NaN
    }
  ],
  "groups": [
    {
      "start": 0,
      "end": 414
    }
  ],
  "args": {
    "dataset": "vidore/tabfquad_test_subsampled_ocr_chunk",
    "model": "ColPali",
    "rerank": null,
    "document_input": "text",
    "only_text": false,
    "size": 1
  }
}