{
    "ndcg_at_1": 0.96,
    "ndcg_at_3": 0.97262,
    "ndcg_at_5": 0.97693,
    "ndcg_at_10": 0.97693,
    "ndcg_at_20": 0.97693,
    "ndcg_at_50": 0.97693,
    "ndcg_at_100": 0.97866,
    "map_at_1": 0.96,
    "map_at_3": 0.97,
    "map_at_5": 0.9725,
    "map_at_10": 0.9725,
    "map_at_20": 0.9725,
    "map_at_50": 0.9725,
    "map_at_100": 0.97269,
    "recall_at_1": 0.96,
    "recall_at_3": 0.98,
    "recall_at_5": 0.99,
    "recall_at_10": 0.99,
    "recall_at_20": 0.99,
    "recall_at_50": 0.99,
    "recall_at_100": 1.0,
    "precision_at_1": 0.96,
    "precision_at_3": 0.32667,
    "precision_at_5": 0.198,
    "precision_at_10": 0.099,
    "precision_at_20": 0.0495,
    "precision_at_50": 0.0198,
    "precision_at_100": 0.01,
    "mrr_at_1": 0.96,
    "mrr_at_3": 0.97,
    "mrr_at_5": 0.9725,
    "mrr_at_10": 0.9725,
    "mrr_at_20": 0.9725,
    "mrr_at_50": 0.972704081632653,
    "mrr_at_100": 0.972704081632653,
    "naucs_at_1_max": 0.6365546218487369,
    "naucs_at_1_std": -0.5144724556489212,
    "naucs_at_1_diff1": 0.9305555555555578,
    "naucs_at_3_max": 0.7770774976657261,
    "naucs_at_3_std": -0.5144724556489392,
    "naucs_at_3_diff1": 1.0,
    "naucs_at_5_max": 1.0,
    "naucs_at_5_std": -1.1517273576097316,
    "naucs_at_5_diff1": 1.0,
    "naucs_at_10_max": 1.0,
    "naucs_at_10_std": -1.1517273576097316,
    "naucs_at_10_diff1": 1.0,
    "naucs_at_20_max": 1.0,
    "naucs_at_20_std": -1.1517273576097316,
    "naucs_at_20_diff1": 1.0,
    "naucs_at_50_max": 1.0,
    "naucs_at_50_std": -1.1517273576096694,
    "naucs_at_50_diff1": 1.0,
    "naucs_at_100_max": NaN,
    "naucs_at_100_std": NaN,
    "naucs_at_100_diff1": NaN
}