{
  "group_metrics": [
    {
      "ndcg_at_1": 0.06288,
      "ndcg_at_3": 0.09905,
      "ndcg_at_5": 0.11153,
      "ndcg_at_10": 0.13757,
      "ndcg_at_20": 0.16705,
      "ndcg_at_50": 0.20268,
      "ndcg_at_100": 0.22656,
      "map_at_1": 0.06288,
      "map_at_3": 0.08925,
      "map_at_5": 0.09615,
      "map_at_10": 0.10639,
      "map_at_20": 0.11435,
      "map_at_50": 0.12015,
      "map_at_100": 0.12222,
      "recall_at_1": 0.06288,
      "recall_at_3": 0.12779,
      "recall_at_5": 0.15822,
      "recall_at_10": 0.24138,
      "recall_at_20": 0.35903,
      "recall_at_50": 0.53753,
      "recall_at_100": 0.6856,
      "precision_at_1": 0.06288,
      "precision_at_3": 0.0426,
      "precision_at_5": 0.03164,
      "precision_at_10": 0.02414,
      "precision_at_20": 0.01795,
      "precision_at_50": 0.01075,
      "precision_at_100": 0.00686,
      "mrr_at_1": 0.06288032454361055,
      "mrr_at_3": 0.08924949290060852,
      "mrr_at_5": 0.09614604462474648,
      "mrr_at_10": 0.10639186709166429,
      "mrr_at_20": 0.11435266229286548,
      "mrr_at_50": 0.12015340779565022,
      "mrr_at_100": 0.12221994747081555,
      "naucs_at_1_max": -0.21490373299775797,
      "naucs_at_1_std": -0.24069979261715183,
      "naucs_at_1_diff1": -0.015479883055238534,
      "naucs_at_3_max": -0.19371966533206816,
      "naucs_at_3_std": -0.206507914812619,
      "naucs_at_3_diff1": -0.10768223141176174,
      "naucs_at_5_max": -0.15487531672956467,
      "naucs_at_5_std": -0.16952701661862674,
      "naucs_at_5_diff1": -0.07354195386966846,
      "naucs_at_10_max": -0.15240544619420218,
      "naucs_at_10_std": -0.12507804754615462,
      "naucs_at_10_diff1": -0.09298168123361952,
      "naucs_at_20_max": -0.1432257967230569,
      "naucs_at_20_std": -0.09565834431037752,
      "naucs_at_20_diff1": -0.1050655617436582,
      "naucs_at_50_max": -0.14157011326869468,
      "naucs_at_50_std": -0.09775668315219893,
      "naucs_at_50_diff1": -0.14093881920489496,
      "naucs_at_100_max": -0.03153110855340475,
      "naucs_at_100_std": 0.035868386095112934,
      "naucs_at_100_diff1": -0.13449961301313929
    }
  ],
  "groups": [
    {
      "start": 0,
      "end": 575
    }
  ],
  "args": {
    "dataset": "vidore/infovqa_test_subsampled_ocr_chunk",
    "model": "SigLIP",
    "rerank": null,
    "document_input": "image+text",
    "only_text": false,
    "size": 1
  }
}