{
  "group_metrics": [
    {
      "ndcg_at_1": 0.17861,
      "ndcg_at_3": 0.23862,
      "ndcg_at_5": 0.26228,
      "ndcg_at_10": 0.29096,
      "ndcg_at_20": 0.31603,
      "ndcg_at_50": 0.35014,
      "ndcg_at_100": 0.372,
      "map_at_1": 0.17861,
      "map_at_3": 0.22388,
      "map_at_5": 0.23694,
      "map_at_10": 0.24866,
      "map_at_20": 0.25548,
      "map_at_50": 0.26085,
      "map_at_100": 0.2628,
      "recall_at_1": 0.17861,
      "recall_at_3": 0.28129,
      "recall_at_5": 0.339,
      "recall_at_10": 0.42831,
      "recall_at_20": 0.52795,
      "recall_at_50": 0.70109,
      "recall_at_100": 0.83536,
      "precision_at_1": 0.17861,
      "precision_at_3": 0.09376,
      "precision_at_5": 0.0678,
      "precision_at_10": 0.04283,
      "precision_at_20": 0.0264,
      "precision_at_50": 0.01402,
      "precision_at_100": 0.00835,
      "mrr_at_1": 0.1798298906439854,
      "mrr_at_3": 0.22428108545970016,
      "mrr_at_5": 0.2373734305386793,
      "mrr_at_10": 0.24921816235607236,
      "mrr_at_20": 0.25603281195395833,
      "mrr_at_50": 0.2614015010995309,
      "mrr_at_100": 0.2633517009313748,
      "naucs_at_1_max": 0.1232776965489482,
      "naucs_at_1_std": 0.003190059370457731,
      "naucs_at_1_diff1": 0.4563902036008701,
      "naucs_at_3_max": 0.07532335378042614,
      "naucs_at_3_std": 0.03623353934863348,
      "naucs_at_3_diff1": 0.3332270965679851,
      "naucs_at_5_max": 0.06414031260254315,
      "naucs_at_5_std": 0.05701695108229425,
      "naucs_at_5_diff1": 0.3018013753606123,
      "naucs_at_10_max": 0.04831097592835632,
      "naucs_at_10_std": 0.06825184073629431,
      "naucs_at_10_diff1": 0.28580154437644,
      "naucs_at_20_max": 0.036977209968152853,
      "naucs_at_20_std": 0.06172072256628125,
      "naucs_at_20_diff1": 0.2373941265383423,
      "naucs_at_50_max": 0.06359929613990137,
      "naucs_at_50_std": 0.16399617294145163,
      "naucs_at_50_diff1": 0.2234244425500815,
      "naucs_at_100_max": 0.04903777342859654,
      "naucs_at_100_std": 0.15510305695187637,
      "naucs_at_100_diff1": 0.17423930025345663
    }
  ],
  "groups": [
    {
      "start": 0,
      "end": 4988
    }
  ],
  "args": {
    "dataset": "vidore/tatdqa_test_ocr_chunk",
    "model": "SigLIP",
    "rerank": null,
    "document_input": "image",
    "only_text": false,
    "size": 1
  }
}