{
  "group_metrics": [
    {
      "ndcg_at_1": 0.0,
      "ndcg_at_3": 0.01,
      "ndcg_at_5": 0.01,
      "ndcg_at_10": 0.01605,
      "ndcg_at_20": 0.02623,
      "ndcg_at_50": 0.05561,
      "ndcg_at_100": 0.07507,
      "map_at_1": 0.0,
      "map_at_3": 0.00667,
      "map_at_5": 0.00667,
      "map_at_10": 0.00892,
      "map_at_20": 0.01174,
      "map_at_50": 0.01628,
      "map_at_100": 0.01799,
      "recall_at_1": 0.0,
      "recall_at_3": 0.02,
      "recall_at_5": 0.02,
      "recall_at_10": 0.04,
      "recall_at_20": 0.08,
      "recall_at_50": 0.23,
      "recall_at_100": 0.35,
      "precision_at_1": 0.0,
      "precision_at_3": 0.00667,
      "precision_at_5": 0.004,
      "precision_at_10": 0.004,
      "precision_at_20": 0.004,
      "precision_at_50": 0.0046,
      "precision_at_100": 0.0035,
      "mrr_at_1": 0.0,
      "mrr_at_3": 0.006666666666666666,
      "mrr_at_5": 0.006666666666666666,
      "mrr_at_10": 0.010166666666666666,
      "mrr_at_20": 0.012227564102564103,
      "mrr_at_50": 0.016763922912835953,
      "mrr_at_100": 0.018475012738408354,
      "naucs_at_1_max": NaN,
      "naucs_at_1_std": NaN,
      "naucs_at_1_diff1": NaN,
      "naucs_at_3_max": 0.29568017171988203,
      "naucs_at_3_std": 0.492889723638315,
      "naucs_at_3_diff1": -0.4573383418298901,
      "naucs_at_5_max": 0.2956801717198819,
      "naucs_at_5_std": 0.492889723638315,
      "naucs_at_5_diff1": -0.4573383418298901,
      "naucs_at_10_max": 0.2729407029782669,
      "naucs_at_10_std": 0.35276361685001356,
      "naucs_at_10_diff1": -0.3712100885430642,
      "naucs_at_20_max": 0.18429702173329765,
      "naucs_at_20_std": 0.2580158304266167,
      "naucs_at_20_diff1": -0.14421786960021465,
      "naucs_at_50_max": 0.045560622931315936,
      "naucs_at_50_std": 0.07689022437119618,
      "naucs_at_50_diff1": 0.04232699318192204,
      "naucs_at_100_max": 0.015795372140549477,
      "naucs_at_100_std": 0.01731162238776443,
      "naucs_at_100_diff1": -0.02386446041268395
    }
  ],
  "groups": [
    {
      "start": 0,
      "end": 1336
    }
  ],
  "args": {
    "dataset": "vidore/syntheticDocQA_government_reports_test_ocr_chunk",
    "model": "SigLIP",
    "rerank": null,
    "document_input": "text",
    "only_text": false,
    "size": 1
  }
}