{
  "group_metrics": [
    {
      "ndcg_at_1": 0.40876,
      "ndcg_at_3": 0.44427,
      "ndcg_at_5": 0.45338,
      "ndcg_at_10": 0.46681,
      "ndcg_at_20": 0.47105,
      "ndcg_at_50": 0.48287,
      "ndcg_at_100": 0.49185,
      "map_at_1": 0.40876,
      "map_at_3": 0.43552,
      "map_at_5": 0.44063,
      "map_at_10": 0.44621,
      "map_at_20": 0.44734,
      "map_at_50": 0.44913,
      "map_at_100": 0.4499,
      "recall_at_1": 0.40876,
      "recall_at_3": 0.46959,
      "recall_at_5": 0.49148,
      "recall_at_10": 0.53285,
      "recall_at_20": 0.54988,
      "recall_at_50": 0.61071,
      "recall_at_100": 0.66667,
      "precision_at_1": 0.40876,
      "precision_at_3": 0.15653,
      "precision_at_5": 0.0983,
      "precision_at_10": 0.05328,
      "precision_at_20": 0.02749,
      "precision_at_50": 0.01221,
      "precision_at_100": 0.00667,
      "mrr_at_1": 0.40875912408759124,
      "mrr_at_3": 0.4339010543390105,
      "mrr_at_5": 0.4402270884022708,
      "mrr_at_10": 0.4457507820646506,
      "mrr_at_20": 0.44687499215334736,
      "mrr_at_50": 0.44867804153236923,
      "mrr_at_100": 0.44947319228369514,
      "naucs_at_1_max": 0.588564455139763,
      "naucs_at_1_std": 0.08565627300896274,
      "naucs_at_1_diff1": 0.8463700855099981,
      "naucs_at_3_max": 0.5761988161862512,
      "naucs_at_3_std": 0.1160130855702346,
      "naucs_at_3_diff1": 0.7644884990404422,
      "naucs_at_5_max": 0.552389614149764,
      "naucs_at_5_std": 0.10168742617580503,
      "naucs_at_5_diff1": 0.7365971104092148,
      "naucs_at_10_max": 0.5498644163325392,
      "naucs_at_10_std": 0.12189532975819033,
      "naucs_at_10_diff1": 0.704738895103747,
      "naucs_at_20_max": 0.5485714169380435,
      "naucs_at_20_std": 0.13066471535831484,
      "naucs_at_20_diff1": 0.7005411690822043,
      "naucs_at_50_max": 0.5146116951342395,
      "naucs_at_50_std": 0.11336287397788283,
      "naucs_at_50_diff1": 0.6603857554586647,
      "naucs_at_100_max": 0.5039273427000627,
      "naucs_at_100_std": 0.1113948408009875,
      "naucs_at_100_diff1": 0.6114827004086644
    }
  ],
  "groups": [
    {
      "start": 0,
      "end": 415
    }
  ],
  "args": {
    "dataset": "vidore/arxivqa_test_subsampled_ocr_chunk",
    "model": "ColPali",
    "rerank": null,
    "document_input": "text",
    "only_text": false,
    "size": 1
  }
}