{
  "group_metrics": [
    {
      "ndcg_at_1": 0.04866,
      "ndcg_at_3": 0.06152,
      "ndcg_at_5": 0.06843,
      "ndcg_at_10": 0.0872,
      "ndcg_at_20": 0.10851,
      "ndcg_at_50": 0.14279,
      "ndcg_at_100": 0.17149,
      "map_at_1": 0.04866,
      "map_at_3": 0.05839,
      "map_at_5": 0.06217,
      "map_at_10": 0.06984,
      "map_at_20": 0.07558,
      "map_at_50": 0.08107,
      "map_at_100": 0.08368,
      "recall_at_1": 0.04866,
      "recall_at_3": 0.07056,
      "recall_at_5": 0.08759,
      "recall_at_10": 0.14599,
      "recall_at_20": 0.23114,
      "recall_at_50": 0.40389,
      "recall_at_100": 0.57908,
      "precision_at_1": 0.04866,
      "precision_at_3": 0.02352,
      "precision_at_5": 0.01752,
      "precision_at_10": 0.0146,
      "precision_at_20": 0.01156,
      "precision_at_50": 0.00808,
      "precision_at_100": 0.00579,
      "mrr_at_1": 0.04866180048661801,
      "mrr_at_3": 0.058394160583941604,
      "mrr_at_5": 0.062165450121654496,
      "mrr_at_10": 0.0698441663770131,
      "mrr_at_20": 0.07558045072705762,
      "mrr_at_50": 0.08107415750707136,
      "mrr_at_100": 0.0836840411994372,
      "naucs_at_1_max": -0.15881348545674318,
      "naucs_at_1_std": -0.2788537498371876,
      "naucs_at_1_diff1": 0.36147519084090884,
      "naucs_at_3_max": -0.2065922716701687,
      "naucs_at_3_std": -0.27556954274106576,
      "naucs_at_3_diff1": 0.15632970692527398,
      "naucs_at_5_max": -0.15478785967331235,
      "naucs_at_5_std": -0.20080646866933297,
      "naucs_at_5_diff1": 0.09698195592981425,
      "naucs_at_10_max": -0.17281482829771544,
      "naucs_at_10_std": -0.18673868125270496,
      "naucs_at_10_diff1": 0.04229233371780411,
      "naucs_at_20_max": -0.11470732630158406,
      "naucs_at_20_std": -0.1271786795401141,
      "naucs_at_20_diff1": 0.08911166326787345,
      "naucs_at_50_max": -0.0848546242181179,
      "naucs_at_50_std": -0.08974621998297042,
      "naucs_at_50_diff1": 0.04494269975851576,
      "naucs_at_100_max": -0.0029111380151232154,
      "naucs_at_100_std": -0.005231093763002016,
      "naucs_at_100_diff1": 0.04733764822688647
    }
  ],
  "groups": [
    {
      "start": 0,
      "end": 415
    }
  ],
  "args": {
    "dataset": "vidore/arxivqa_test_subsampled_ocr_chunk",
    "model": "SigLIP",
    "rerank": null,
    "document_input": "image+text",
    "only_text": false,
    "size": 1
  }
}