{
  "group_metrics": [
    {
      "ndcg_at_1": 0.44622,
      "ndcg_at_3": 0.55957,
      "ndcg_at_5": 0.58149,
      "ndcg_at_10": 0.61062,
      "ndcg_at_20": 0.62759,
      "ndcg_at_50": 0.65061,
      "ndcg_at_100": 0.65682,
      "map_at_1": 0.44622,
      "map_at_3": 0.53254,
      "map_at_5": 0.54409,
      "map_at_10": 0.55657,
      "map_at_20": 0.56115,
      "map_at_50": 0.56489,
      "map_at_100": 0.56556,
      "recall_at_1": 0.44622,
      "recall_at_3": 0.63745,
      "recall_at_5": 0.69323,
      "recall_at_10": 0.78088,
      "recall_at_20": 0.84861,
      "recall_at_50": 0.96414,
      "recall_at_100": 1.0,
      "precision_at_1": 0.44622,
      "precision_at_3": 0.21248,
      "precision_at_5": 0.13865,
      "precision_at_10": 0.07809,
      "precision_at_20": 0.04243,
      "precision_at_50": 0.01928,
      "precision_at_100": 0.01,
      "mrr_at_1": 0.44621513944223107,
      "mrr_at_3": 0.5325365205843292,
      "mrr_at_5": 0.5440903054448871,
      "mrr_at_10": 0.5565705432239296,
      "mrr_at_20": 0.561150354845543,
      "mrr_at_50": 0.5648915718457018,
      "mrr_at_100": 0.5655609966943012,
      "naucs_at_1_max": 0.5579446895772037,
      "naucs_at_1_std": 0.32045396012376687,
      "naucs_at_1_diff1": 0.7368328274097081,
      "naucs_at_3_max": 0.5745473778520521,
      "naucs_at_3_std": 0.4544150447335248,
      "naucs_at_3_diff1": 0.665661347628694,
      "naucs_at_5_max": 0.5781112929255078,
      "naucs_at_5_std": 0.5070352104949184,
      "naucs_at_5_diff1": 0.6846880258986449,
      "naucs_at_10_max": 0.5056434652897286,
      "naucs_at_10_std": 0.4392010889384203,
      "naucs_at_10_diff1": 0.6883920762301848,
      "naucs_at_20_max": 0.4897806008582511,
      "naucs_at_20_std": 0.4992427164261442,
      "naucs_at_20_diff1": 0.6888720876726531,
      "naucs_at_50_max": 0.23089558368751636,
      "naucs_at_50_std": 0.4375382255619036,
      "naucs_at_50_diff1": 0.6784116013198986,
      "naucs_at_100_max": NaN,
      "naucs_at_100_std": NaN,
      "naucs_at_100_diff1": NaN
    }
  ],
  "groups": [
    {
      "start": 0,
      "end": 414
    }
  ],
  "args": {
    "dataset": "vidore/tabfquad_test_subsampled_ocr_chunk",
    "model": "SigLIP",
    "rerank": null,
    "document_input": "image",
    "only_text": false,
    "size": 1
  }
}