{
  "group_metrics": [
    {
      "ndcg_at_1": 0.28188,
      "ndcg_at_3": 0.34071,
      "ndcg_at_5": 0.3565,
      "ndcg_at_10": 0.37041,
      "ndcg_at_20": 0.38206,
      "ndcg_at_50": 0.40186,
      "ndcg_at_100": 0.41349,
      "map_at_1": 0.28188,
      "map_at_3": 0.32625,
      "map_at_5": 0.33509,
      "map_at_10": 0.34092,
      "map_at_20": 0.344,
      "map_at_50": 0.34728,
      "map_at_100": 0.34831,
      "recall_at_1": 0.28188,
      "recall_at_3": 0.38255,
      "recall_at_5": 0.42058,
      "recall_at_10": 0.46309,
      "recall_at_20": 0.51007,
      "recall_at_50": 0.6085,
      "recall_at_100": 0.68009,
      "precision_at_1": 0.28188,
      "precision_at_3": 0.12752,
      "precision_at_5": 0.08412,
      "precision_at_10": 0.04631,
      "precision_at_20": 0.0255,
      "precision_at_50": 0.01217,
      "precision_at_100": 0.0068,
      "mrr_at_1": 0.2841163310961969,
      "mrr_at_3": 0.3281133482475764,
      "mrr_at_5": 0.3362788963460104,
      "mrr_at_10": 0.3421460530520933,
      "mrr_at_20": 0.3452864489901912,
      "mrr_at_50": 0.3484745453163027,
      "mrr_at_100": 0.3495628515209887,
      "naucs_at_1_max": 0.3737688369894716,
      "naucs_at_1_std": 0.14440308412566077,
      "naucs_at_1_diff1": 0.7150900628643646,
      "naucs_at_3_max": 0.2840902149406436,
      "naucs_at_3_std": 0.11721492442193514,
      "naucs_at_3_diff1": 0.541466268068218,
      "naucs_at_5_max": 0.2452104946600573,
      "naucs_at_5_std": 0.09450647298462145,
      "naucs_at_5_diff1": 0.5382701721016092,
      "naucs_at_10_max": 0.2486107496567628,
      "naucs_at_10_std": 0.0989803289585201,
      "naucs_at_10_diff1": 0.541261988313682,
      "naucs_at_20_max": 0.22325892208820847,
      "naucs_at_20_std": 0.09404264822188887,
      "naucs_at_20_diff1": 0.49490775659420944,
      "naucs_at_50_max": 0.09852810807213903,
      "naucs_at_50_std": -0.00041810228704617383,
      "naucs_at_50_diff1": 0.44517491274402843,
      "naucs_at_100_max": 0.0580446734544274,
      "naucs_at_100_std": -0.01704080205543933,
      "naucs_at_100_diff1": 0.41016400176465806
    }
  ],
  "groups": [
    {
      "start": 0,
      "end": 714
    }
  ],
  "args": {
    "dataset": "vidore/docvqa_test_subsampled_ocr_chunk",
    "model": "ColPali",
    "rerank": null,
    "document_input": "text",
    "only_text": false,
    "size": 1
  }
}