{
  "group_metrics": [
    {
      "ndcg_at_1": 0.48,
      "ndcg_at_3": 0.62226,
      "ndcg_at_5": 0.66357,
      "ndcg_at_10": 0.69644,
      "ndcg_at_20": 0.70381,
      "ndcg_at_50": 0.70821,
      "ndcg_at_100": 0.70979,
      "map_at_1": 0.48,
      "map_at_3": 0.58833,
      "map_at_5": 0.61133,
      "map_at_10": 0.6252,
      "map_at_20": 0.62712,
      "map_at_50": 0.62801,
      "map_at_100": 0.62814,
      "recall_at_1": 0.48,
      "recall_at_3": 0.72,
      "recall_at_5": 0.82,
      "recall_at_10": 0.92,
      "recall_at_20": 0.95,
      "recall_at_50": 0.97,
      "recall_at_100": 0.98,
      "precision_at_1": 0.48,
      "precision_at_3": 0.24,
      "precision_at_5": 0.164,
      "precision_at_10": 0.092,
      "precision_at_20": 0.0475,
      "precision_at_50": 0.0194,
      "precision_at_100": 0.0098,
      "mrr_at_1": 0.48,
      "mrr_at_3": 0.5883333333333334,
      "mrr_at_5": 0.6113333333333335,
      "mrr_at_10": 0.6252023809523812,
      "mrr_at_20": 0.6271175856307438,
      "mrr_at_50": 0.628010442773601,
      "mrr_at_100": 0.6281370250520819,
      "naucs_at_1_max": 0.4024028792209166,
      "naucs_at_1_std": 0.026569281253307705,
      "naucs_at_1_diff1": 0.6342754313538689,
      "naucs_at_3_max": 0.5683569902319899,
      "naucs_at_3_std": 0.1108821733821741,
      "naucs_at_3_diff1": 0.46249236874236893,
      "naucs_at_5_max": 0.5378896354224032,
      "naucs_at_5_std": 0.1204427800418555,
      "naucs_at_5_diff1": 0.4397235378345627,
      "naucs_at_10_max": 0.6557539682539693,
      "naucs_at_10_std": 0.48278478057890095,
      "naucs_at_10_diff1": 0.387196545284782,
      "naucs_at_20_max": 0.6830999066293229,
      "naucs_at_20_std": 0.5654528478057942,
      "naucs_at_20_diff1": 0.3704014939309071,
      "naucs_at_50_max": 0.5154061624649893,
      "naucs_at_50_std": 0.46093993152816704,
      "naucs_at_50_diff1": 0.1428571428571477,
      "naucs_at_100_max": 0.7117180205415448,
      "naucs_at_100_std": 0.41433239962652313,
      "naucs_at_100_diff1": 0.4960317460317565
    }
  ],
  "groups": [
    {
      "start": 0,
      "end": 1336
    }
  ],
  "args": {
    "dataset": "vidore/syntheticDocQA_government_reports_test_ocr_chunk",
    "model": "SigLIP",
    "rerank": null,
    "document_input": "image",
    "only_text": false,
    "size": 1
  }
}