{
  "group_metrics": [
    {
      "ndcg_at_1": 0.05,
      "ndcg_at_3": 0.06,
      "ndcg_at_5": 0.06,
      "ndcg_at_10": 0.06,
      "ndcg_at_20": 0.07004,
      "ndcg_at_50": 0.09768,
      "ndcg_at_100": 0.1122,
      "map_at_1": 0.05,
      "map_at_3": 0.05667,
      "map_at_5": 0.05667,
      "map_at_10": 0.05667,
      "map_at_20": 0.05938,
      "map_at_50": 0.0638,
      "map_at_100": 0.06505,
      "recall_at_1": 0.05,
      "recall_at_3": 0.07,
      "recall_at_5": 0.07,
      "recall_at_10": 0.07,
      "recall_at_20": 0.11,
      "recall_at_50": 0.25,
      "recall_at_100": 0.34,
      "precision_at_1": 0.05,
      "precision_at_3": 0.02333,
      "precision_at_5": 0.014,
      "precision_at_10": 0.007,
      "precision_at_20": 0.0055,
      "precision_at_50": 0.005,
      "precision_at_100": 0.0034,
      "mrr_at_1": 0.05,
      "mrr_at_3": 0.05666666666666667,
      "mrr_at_5": 0.05666666666666667,
      "mrr_at_10": 0.05666666666666667,
      "mrr_at_20": 0.059383781852822094,
      "mrr_at_50": 0.06380105419034592,
      "mrr_at_100": 0.06505077098399252,
      "naucs_at_1_max": 0.23804668634290316,
      "naucs_at_1_std": -0.05495036222162604,
      "naucs_at_1_diff1": 0.30566138985779456,
      "naucs_at_3_max": 0.2062171796542606,
      "naucs_at_3_std": 0.045229790333090596,
      "naucs_at_3_diff1": 0.2673923875963052,
      "naucs_at_5_max": 0.20621717965426065,
      "naucs_at_5_std": 0.045229790333090776,
      "naucs_at_5_diff1": 0.2673923875963052,
      "naucs_at_10_max": 0.20621717965426065,
      "naucs_at_10_std": 0.045229790333090776,
      "naucs_at_10_diff1": 0.2673923875963052,
      "naucs_at_20_max": 0.31441729370611765,
      "naucs_at_20_std": 0.24949039937589654,
      "naucs_at_20_diff1": 0.28225583209603144,
      "naucs_at_50_max": 0.09228392791467449,
      "naucs_at_50_std": 0.10417065097462301,
      "naucs_at_50_diff1": 0.028275101140125113,
      "naucs_at_100_max": 0.10812422162749388,
      "naucs_at_100_std": 0.11061501364636048,
      "naucs_at_100_diff1": -0.028273139192877488
    }
  ],
  "groups": [
    {
      "start": 0,
      "end": 1208
    }
  ],
  "args": {
    "dataset": "vidore/syntheticDocQA_artificial_intelligence_test_ocr_chunk",
    "model": "SigLIP",
    "rerank": null,
    "document_input": "text",
    "only_text": false,
    "size": 1
  }
}