{
  "group_metrics": [
    {
      "ndcg_at_1": 0.61258,
      "ndcg_at_3": 0.68197,
      "ndcg_at_5": 0.70118,
      "ndcg_at_10": 0.71033,
      "ndcg_at_20": 0.72152,
      "ndcg_at_50": 0.73251,
      "ndcg_at_100": 0.73873,
      "map_at_1": 0.61258,
      "map_at_3": 0.66464,
      "map_at_5": 0.67529,
      "map_at_10": 0.67904,
      "map_at_20": 0.68206,
      "map_at_50": 0.68386,
      "map_at_100": 0.6844,
      "recall_at_1": 0.61258,
      "recall_at_3": 0.73225,
      "recall_at_5": 0.7789,
      "recall_at_10": 0.8073,
      "recall_at_20": 0.85193,
      "recall_at_50": 0.90669,
      "recall_at_100": 0.94523,
      "precision_at_1": 0.61258,
      "precision_at_3": 0.24408,
      "precision_at_5": 0.15578,
      "precision_at_10": 0.08073,
      "precision_at_20": 0.0426,
      "precision_at_50": 0.01813,
      "precision_at_100": 0.00945,
      "mrr_at_1": 0.6125760649087221,
      "mrr_at_3": 0.6649763353617307,
      "mrr_at_5": 0.6761325219743067,
      "mrr_at_10": 0.679548601049615,
      "mrr_at_20": 0.682508253048447,
      "mrr_at_50": 0.6843232392258407,
      "mrr_at_100": 0.6848515323486195,
      "naucs_at_1_max": 0.44124450277251065,
      "naucs_at_1_std": 0.17711625749605114,
      "naucs_at_1_diff1": 0.7579007874622169,
      "naucs_at_3_max": 0.464767065136598,
      "naucs_at_3_std": 0.22343781897947784,
      "naucs_at_3_diff1": 0.6854847978999928,
      "naucs_at_5_max": 0.4367349101139519,
      "naucs_at_5_std": 0.20748932114505367,
      "naucs_at_5_diff1": 0.6650051450114265,
      "naucs_at_10_max": 0.4221610258696609,
      "naucs_at_10_std": 0.2104022694422853,
      "naucs_at_10_diff1": 0.6514753095876956,
      "naucs_at_20_max": 0.4639180703234766,
      "naucs_at_20_std": 0.24723739313258591,
      "naucs_at_20_diff1": 0.66147000713482,
      "naucs_at_50_max": 0.5006876314215013,
      "naucs_at_50_std": 0.34253637283237104,
      "naucs_at_50_diff1": 0.6934659793513149,
      "naucs_at_100_max": 0.5724718279906095,
      "naucs_at_100_std": 0.582248639075897,
      "naucs_at_100_diff1": 0.737620886669157
    }
  ],
  "groups": [
    {
      "start": 0,
      "end": 575
    }
  ],
  "args": {
    "dataset": "vidore/infovqa_test_subsampled_ocr_chunk",
    "model": "ColPali",
    "rerank": null,
    "document_input": "text",
    "only_text": false,
    "size": 1
  }
}