{
  "group_metrics": [
    {
      "ndcg_at_1": 0.00671,
      "ndcg_at_3": 0.00924,
      "ndcg_at_5": 0.01376,
      "ndcg_at_10": 0.01941,
      "ndcg_at_20": 0.02962,
      "ndcg_at_50": 0.04737,
      "ndcg_at_100": 0.06391,
      "map_at_1": 0.00671,
      "map_at_3": 0.00858,
      "map_at_5": 0.01104,
      "map_at_10": 0.01329,
      "map_at_20": 0.0161,
      "map_at_50": 0.01877,
      "map_at_100": 0.02018,
      "recall_at_1": 0.00671,
      "recall_at_3": 0.01119,
      "recall_at_5": 0.02237,
      "recall_at_10": 0.04027,
      "recall_at_20": 0.08054,
      "recall_at_50": 0.17226,
      "recall_at_100": 0.27517,
      "precision_at_1": 0.00671,
      "precision_at_3": 0.00373,
      "precision_at_5": 0.00447,
      "precision_at_10": 0.00403,
      "precision_at_20": 0.00403,
      "precision_at_50": 0.00345,
      "precision_at_100": 0.00275,
      "mrr_at_1": 0.006711409395973154,
      "mrr_at_3": 0.008575689783743476,
      "mrr_at_5": 0.011036539895600299,
      "mrr_at_10": 0.013343808813607468,
      "mrr_at_20": 0.01613592455739275,
      "mrr_at_50": 0.018810340646324256,
      "mrr_at_100": 0.02022089573753727,
      "naucs_at_1_max": -0.27213864228849316,
      "naucs_at_1_std": -0.25014800534210846,
      "naucs_at_1_diff1": 0.1996276918297574,
      "naucs_at_3_max": -0.21851306869237558,
      "naucs_at_3_std": -0.20531868652454477,
      "naucs_at_3_diff1": -0.03639276074552238,
      "naucs_at_5_max": -0.1512891401073758,
      "naucs_at_5_std": -0.0729716280610758,
      "naucs_at_5_diff1": 0.09879066968077643,
      "naucs_at_10_max": -0.17101290722142398,
      "naucs_at_10_std": -0.12502626136376666,
      "naucs_at_10_diff1": 0.07453120927172861,
      "naucs_at_20_max": -0.16644804603522345,
      "naucs_at_20_std": -0.11618661845033353,
      "naucs_at_20_diff1": -0.030395942428478113,
      "naucs_at_50_max": -0.0743183711355671,
      "naucs_at_50_std": -0.11347420873874374,
      "naucs_at_50_diff1": 0.06066080567149288,
      "naucs_at_100_max": -0.11303440761661118,
      "naucs_at_100_std": -0.13081532425230386,
      "naucs_at_100_diff1": 0.005969867694136613
    }
  ],
  "groups": [
    {
      "start": 0,
      "end": 714
    }
  ],
  "args": {
    "dataset": "vidore/docvqa_test_subsampled_ocr_chunk",
    "model": "SigLIP",
    "rerank": null,
    "document_input": "text",
    "only_text": false,
    "size": 1
  }
}