{
  "group_metrics": [
    {
      "ndcg_at_1": 0.61,
      "ndcg_at_3": 0.76119,
      "ndcg_at_5": 0.79046,
      "ndcg_at_10": 0.79712,
      "ndcg_at_20": 0.80208,
      "ndcg_at_50": 0.80397,
      "ndcg_at_100": 0.8071,
      "map_at_1": 0.61,
      "map_at_3": 0.72667,
      "map_at_5": 0.74317,
      "map_at_10": 0.74602,
      "map_at_20": 0.74733,
      "map_at_50": 0.74759,
      "map_at_100": 0.74783,
      "recall_at_1": 0.61,
      "recall_at_3": 0.86,
      "recall_at_5": 0.93,
      "recall_at_10": 0.95,
      "recall_at_20": 0.97,
      "recall_at_50": 0.98,
      "recall_at_100": 1.0,
      "precision_at_1": 0.61,
      "precision_at_3": 0.28667,
      "precision_at_5": 0.186,
      "precision_at_10": 0.095,
      "precision_at_20": 0.0485,
      "precision_at_50": 0.0196,
      "precision_at_100": 0.01,
      "mrr_at_1": 0.63,
      "mrr_at_3": 0.7366666666666667,
      "mrr_at_5": 0.7556666666666668,
      "mrr_at_10": 0.7573333333333333,
      "mrr_at_20": 0.7587619047619047,
      "mrr_at_50": 0.7590250626566417,
      "mrr_at_100": 0.7592795795458797,
      "naucs_at_1_max": -0.10109830344598371,
      "naucs_at_1_std": -0.47934071578565735,
      "naucs_at_1_diff1": 0.705754384904748,
      "naucs_at_3_max": 0.07981155604822007,
      "naucs_at_3_std": -0.3087155327698477,
      "naucs_at_3_diff1": 0.7433836774282931,
      "naucs_at_5_max": -0.1905428838201912,
      "naucs_at_5_std": -0.9556489262371579,
      "naucs_at_5_diff1": 0.8459383753501409,
      "naucs_at_10_max": -0.4063492063491948,
      "naucs_at_10_std": -1.0732959850606756,
      "naucs_at_10_diff1": 0.8660130718954264,
      "naucs_at_20_max": -0.7791783380018631,
      "naucs_at_20_std": -0.8249299719887969,
      "naucs_at_20_diff1": 0.9128540305010848,
      "naucs_at_50_max": -0.29878618113911903,
      "naucs_at_50_std": -0.3674136321195118,
      "naucs_at_50_diff1": 0.8692810457516348,
      "naucs_at_100_max": NaN,
      "naucs_at_100_std": NaN,
      "naucs_at_100_diff1": NaN
    }
  ],
  "groups": [
    {
      "start": 0,
      "end": 1303
    }
  ],
  "args": {
    "dataset": "vidore/shiftproject_test_ocr_chunk",
    "model": "ColPali",
    "rerank": null,
    "document_input": "image+text",
    "only_text": false,
    "size": 1
  }
}