{
  "group_metrics": [
    {
      "ndcg_at_1": 0.40146,
      "ndcg_at_3": 0.4657,
      "ndcg_at_5": 0.49355,
      "ndcg_at_10": 0.52158,
      "ndcg_at_20": 0.54132,
      "ndcg_at_50": 0.56398,
      "ndcg_at_100": 0.57355,
      "map_at_1": 0.40146,
      "map_at_3": 0.44931,
      "map_at_5": 0.46464,
      "map_at_10": 0.47604,
      "map_at_20": 0.48149,
      "map_at_50": 0.4853,
      "map_at_100": 0.48617,
      "recall_at_1": 0.40146,
      "recall_at_3": 0.51338,
      "recall_at_5": 0.58151,
      "recall_at_10": 0.6691,
      "recall_at_20": 0.74696,
      "recall_at_50": 0.85888,
      "recall_at_100": 0.91727,
      "precision_at_1": 0.40146,
      "precision_at_3": 0.17113,
      "precision_at_5": 0.1163,
      "precision_at_10": 0.06691,
      "precision_at_20": 0.03735,
      "precision_at_50": 0.01718,
      "precision_at_100": 0.00917,
      "mrr_at_1": 0.40145985401459855,
      "mrr_at_3": 0.44931062449310627,
      "mrr_at_5": 0.46463909164639094,
      "mrr_at_10": 0.47603889081991274,
      "mrr_at_20": 0.48149052630194306,
      "mrr_at_50": 0.4853006271817868,
      "mrr_at_100": 0.4861699040423127,
      "naucs_at_1_max": 0.4196223511582391,
      "naucs_at_1_std": 0.09852355778002474,
      "naucs_at_1_diff1": 0.6182867650248723,
      "naucs_at_3_max": 0.3974991222900748,
      "naucs_at_3_std": 0.11321695735980176,
      "naucs_at_3_diff1": 0.5269854004339098,
      "naucs_at_5_max": 0.3507304960904857,
      "naucs_at_5_std": 0.08068607219513228,
      "naucs_at_5_diff1": 0.47654923671796967,
      "naucs_at_10_max": 0.36446269558989336,
      "naucs_at_10_std": 0.08084763850407035,
      "naucs_at_10_diff1": 0.4602071403165204,
      "naucs_at_20_max": 0.38591162704741866,
      "naucs_at_20_std": 0.09603592224486066,
      "naucs_at_20_diff1": 0.4614366837917183,
      "naucs_at_50_max": 0.5119122451633553,
      "naucs_at_50_std": 0.3132909318417536,
      "naucs_at_50_diff1": 0.43642876348475396,
      "naucs_at_100_max": 0.518173148236568,
      "naucs_at_100_std": 0.3655958769510772,
      "naucs_at_100_diff1": 0.4600895525180782
    }
  ],
  "groups": [
    {
      "start": 0,
      "end": 415
    }
  ],
  "args": {
    "dataset": "vidore/arxivqa_test_subsampled_ocr_chunk",
    "model": "SigLIP",
    "rerank": null,
    "document_input": "image",
    "only_text": false,
    "size": 1
  }
}