{
  "group_metrics": [
    {
      "ndcg_at_1": 0.51,
      "ndcg_at_3": 0.58417,
      "ndcg_at_5": 0.62161,
      "ndcg_at_10": 0.65879,
      "ndcg_at_20": 0.66625,
      "ndcg_at_50": 0.67801,
      "ndcg_at_100": 0.68263,
      "map_at_1": 0.51,
      "map_at_3": 0.565,
      "map_at_5": 0.586,
      "map_at_10": 0.60229,
      "map_at_20": 0.60427,
      "map_at_50": 0.60608,
      "map_at_100": 0.60642,
      "recall_at_1": 0.51,
      "recall_at_3": 0.64,
      "recall_at_5": 0.73,
      "recall_at_10": 0.84,
      "recall_at_20": 0.87,
      "recall_at_50": 0.93,
      "recall_at_100": 0.96,
      "precision_at_1": 0.51,
      "precision_at_3": 0.21333,
      "precision_at_5": 0.146,
      "precision_at_10": 0.084,
      "precision_at_20": 0.0435,
      "precision_at_50": 0.0186,
      "precision_at_100": 0.0096,
      "mrr_at_1": 0.51,
      "mrr_at_3": 0.5650000000000001,
      "mrr_at_5": 0.5860000000000002,
      "mrr_at_10": 0.6022896825396827,
      "mrr_at_20": 0.6042668067226893,
      "mrr_at_50": 0.6060840519774345,
      "mrr_at_100": 0.6064207940883701,
      "naucs_at_1_max": 0.34581263546168045,
      "naucs_at_1_std": -0.19066273575380643,
      "naucs_at_1_diff1": 0.49529502039497597,
      "naucs_at_3_max": 0.39101417805594574,
      "naucs_at_3_std": -0.2059171030782985,
      "naucs_at_3_diff1": 0.4765934346659853,
      "naucs_at_5_max": 0.40973874068686283,
      "naucs_at_5_std": -0.21527846035895984,
      "naucs_at_5_diff1": 0.39521122884271404,
      "naucs_at_10_max": 0.6253068237604318,
      "naucs_at_10_std": -0.1622790868924894,
      "naucs_at_10_diff1": 0.4050994108983795,
      "naucs_at_20_max": 0.6371917351699624,
      "naucs_at_20_std": 0.011219728949123188,
      "naucs_at_20_diff1": 0.37480559875583125,
      "naucs_at_50_max": 0.5845671601974143,
      "naucs_at_50_std": 0.11084433773509549,
      "naucs_at_50_diff1": 0.5400160064025643,
      "naucs_at_100_max": 0.6679505135387499,
      "naucs_at_100_std": 0.2048319327731078,
      "naucs_at_100_diff1": 0.487861811391226
    }
  ],
  "groups": [
    {
      "start": 0,
      "end": 1208
    }
  ],
  "args": {
    "dataset": "vidore/syntheticDocQA_artificial_intelligence_test_ocr_chunk",
    "model": "SigLIP",
    "rerank": null,
    "document_input": "image",
    "only_text": false,
    "size": 1
  }
}