{
  "group_metrics": [
    {
      "ndcg_at_1": 0.4,
      "ndcg_at_3": 0.53357,
      "ndcg_at_5": 0.56627,
      "ndcg_at_10": 0.60603,
      "ndcg_at_20": 0.62373,
      "ndcg_at_50": 0.63203,
      "ndcg_at_100": 0.63863,
      "map_at_1": 0.4,
      "map_at_3": 0.50333,
      "map_at_5": 0.52133,
      "map_at_10": 0.53831,
      "map_at_20": 0.54317,
      "map_at_50": 0.54465,
      "map_at_100": 0.54526,
      "recall_at_1": 0.4,
      "recall_at_3": 0.62,
      "recall_at_5": 0.7,
      "recall_at_10": 0.82,
      "recall_at_20": 0.89,
      "recall_at_50": 0.93,
      "recall_at_100": 0.97,
      "precision_at_1": 0.4,
      "precision_at_3": 0.20667,
      "precision_at_5": 0.14,
      "precision_at_10": 0.082,
      "precision_at_20": 0.0445,
      "precision_at_50": 0.0186,
      "precision_at_100": 0.0097,
      "mrr_at_1": 0.4,
      "mrr_at_3": 0.5033333333333333,
      "mrr_at_5": 0.5223333333333333,
      "mrr_at_10": 0.5408015873015873,
      "mrr_at_20": 0.544984010270775,
      "mrr_at_50": 0.546757192835337,
      "mrr_at_100": 0.5471869759295669,
      "naucs_at_1_max": 0.030805870236869055,
      "naucs_at_1_std": -0.09307415036045323,
      "naucs_at_1_diff1": 0.48554325437693097,
      "naucs_at_3_max": 0.16078515829308113,
      "naucs_at_3_std": -0.07585453650432218,
      "naucs_at_3_diff1": 0.4198689351752147,
      "naucs_at_5_max": 0.14694649612682514,
      "naucs_at_5_std": -0.25469284813547044,
      "naucs_at_5_diff1": 0.4081066474509106,
      "naucs_at_10_max": 0.2329827073466247,
      "naucs_at_10_std": -0.3283401255644869,
      "naucs_at_10_diff1": 0.33899658552704104,
      "naucs_at_20_max": 0.026458208057726074,
      "naucs_at_20_std": -0.9003951550554058,
      "naucs_at_20_diff1": 0.3552100335022755,
      "naucs_at_50_max": -0.3406029078297954,
      "naucs_at_50_std": -1.221755368814189,
      "naucs_at_50_diff1": 0.4205015339469167,
      "naucs_at_100_max": -0.15452847805788755,
      "naucs_at_100_std": -0.922969187675064,
      "naucs_at_100_diff1": 0.7152194211017763
    }
  ],
  "groups": [
    {
      "start": 0,
      "end": 1303
    }
  ],
  "args": {
    "dataset": "vidore/shiftproject_test_ocr_chunk",
    "model": "ColPali",
    "rerank": null,
    "document_input": "text",
    "only_text": false,
    "size": 1
  }
}