{
  "group_metrics": [
    {
      "ndcg_at_1": 0.74939,
      "ndcg_at_3": 0.80295,
      "ndcg_at_5": 0.81499,
      "ndcg_at_10": 0.82958,
      "ndcg_at_20": 0.83707,
      "ndcg_at_50": 0.8416,
      "ndcg_at_100": 0.84479,
      "map_at_1": 0.74939,
      "map_at_3": 0.78954,
      "map_at_5": 0.79623,
      "map_at_10": 0.8025,
      "map_at_20": 0.80461,
      "map_at_50": 0.80542,
      "map_at_100": 0.80571,
      "recall_at_1": 0.74939,
      "recall_at_3": 0.84185,
      "recall_at_5": 0.87105,
      "recall_at_10": 0.91484,
      "recall_at_20": 0.94404,
      "recall_at_50": 0.96594,
      "recall_at_100": 0.9854,
      "precision_at_1": 0.74939,
      "precision_at_3": 0.28062,
      "precision_at_5": 0.17421,
      "precision_at_10": 0.09148,
      "precision_at_20": 0.0472,
      "precision_at_50": 0.01932,
      "precision_at_100": 0.00985,
      "mrr_at_1": 0.7518248175182481,
      "mrr_at_3": 0.791970802919708,
      "mrr_at_5": 0.7968369829683697,
      "mrr_at_10": 0.8034719808442436,
      "mrr_at_20": 0.8055718677297852,
      "mrr_at_50": 0.8063883478554793,
      "mrr_at_100": 0.8066581464771453,
      "naucs_at_1_max": 0.6951642167632527,
      "naucs_at_1_std": -0.19241049613628783,
      "naucs_at_1_diff1": 0.9462697718301648,
      "naucs_at_3_max": 0.7138683924712955,
      "naucs_at_3_std": -0.16900024075634892,
      "naucs_at_3_diff1": 0.9001036680651708,
      "naucs_at_5_max": 0.732833449732591,
      "naucs_at_5_std": -0.18055876875620078,
      "naucs_at_5_diff1": 0.8710350243008206,
      "naucs_at_10_max": 0.7568140677058547,
      "naucs_at_10_std": -0.218684321212367,
      "naucs_at_10_diff1": 0.8516816914737478,
      "naucs_at_20_max": 0.8497605089989602,
      "naucs_at_20_std": -0.18503376584927736,
      "naucs_at_20_diff1": 0.8795861492833251,
      "naucs_at_50_max": 0.8515077206845906,
      "naucs_at_50_std": 0.04181444592628806,
      "naucs_at_50_diff1": 0.8713400814609926,
      "naucs_at_100_max": 0.9074489830434842,
      "naucs_at_100_std": 0.37747695581529006,
      "naucs_at_100_diff1": 0.9564387917329232
    }
  ],
  "groups": [
    {
      "start": 0,
      "end": 415
    }
  ],
  "args": {
    "dataset": "vidore/arxivqa_test_subsampled_ocr_chunk",
    "model": "ColPali",
    "rerank": null,
    "document_input": "image+text",
    "only_text": false,
    "size": 1
  }
}