{
  "group_metrics": [
    {
      "ndcg_at_1": 0.01,
      "ndcg_at_3": 0.03131,
      "ndcg_at_5": 0.03905,
      "ndcg_at_10": 0.05184,
      "ndcg_at_20": 0.06958,
      "ndcg_at_50": 0.10737,
      "ndcg_at_100": 0.14548,
      "map_at_1": 0.01,
      "map_at_3": 0.025,
      "map_at_5": 0.029,
      "map_at_10": 0.03421,
      "map_at_20": 0.03909,
      "map_at_50": 0.04519,
      "map_at_100": 0.0483,
      "recall_at_1": 0.01,
      "recall_at_3": 0.05,
      "recall_at_5": 0.07,
      "recall_at_10": 0.11,
      "recall_at_20": 0.18,
      "recall_at_50": 0.37,
      "recall_at_100": 0.61,
      "precision_at_1": 0.01,
      "precision_at_3": 0.01667,
      "precision_at_5": 0.014,
      "precision_at_10": 0.011,
      "precision_at_20": 0.009,
      "precision_at_50": 0.0074,
      "precision_at_100": 0.0061,
      "mrr_at_1": 0.01,
      "mrr_at_3": 0.025,
      "mrr_at_5": 0.028999999999999998,
      "mrr_at_10": 0.03420634920634921,
      "mrr_at_20": 0.039087134056174304,
      "mrr_at_50": 0.04518759731726719,
      "mrr_at_100": 0.04830435890084844,
      "naucs_at_1_max": -0.41507915213308294,
      "naucs_at_1_std": -0.318486718540381,
      "naucs_at_1_diff1": -0.4995975315266971,
      "naucs_at_3_max": 0.04067614703514888,
      "naucs_at_3_std": -0.00010732492621417292,
      "naucs_at_3_diff1": 0.4183525623826134,
      "naucs_at_5_max": -0.028249453792786133,
      "naucs_at_5_std": -0.025183027329525723,
      "naucs_at_5_diff1": 0.15608110697995348,
      "naucs_at_10_max": 0.20864685305886205,
      "naucs_at_10_std": 0.2000905956665073,
      "naucs_at_10_diff1": 0.1344087374487254,
      "naucs_at_20_max": 0.27007683401747157,
      "naucs_at_20_std": 0.3687331158123705,
      "naucs_at_20_diff1": 0.03918885731326505,
      "naucs_at_50_max": 0.21334830697710866,
      "naucs_at_50_std": 0.30918397994228175,
      "naucs_at_50_diff1": 0.10363154389584596,
      "naucs_at_100_max": -0.0019488465547718241,
      "naucs_at_100_std": 0.12563261976341888,
      "naucs_at_100_diff1": -0.03326635746982313
    }
  ],
  "groups": [
    {
      "start": 0,
      "end": 1311
    }
  ],
  "args": {
    "dataset": "vidore/syntheticDocQA_healthcare_industry_test_ocr_chunk",
    "model": "SigLIP",
    "rerank": null,
    "document_input": "text",
    "only_text": false,
    "size": 1
  }
}