{
  "group_metrics": [
    {
      "ndcg_at_1": 0.77079,
      "ndcg_at_3": 0.82365,
      "ndcg_at_5": 0.82959,
      "ndcg_at_10": 0.8391,
      "ndcg_at_20": 0.84638,
      "ndcg_at_50": 0.85257,
      "ndcg_at_100": 0.85391,
      "map_at_1": 0.77079,
      "map_at_3": 0.81102,
      "map_at_5": 0.81437,
      "map_at_10": 0.8181,
      "map_at_20": 0.82015,
      "map_at_50": 0.8212,
      "map_at_100": 0.82133,
      "recall_at_1": 0.77079,
      "recall_at_3": 0.86004,
      "recall_at_5": 0.87424,
      "recall_at_10": 0.90467,
      "recall_at_20": 0.93306,
      "recall_at_50": 0.96349,
      "recall_at_100": 0.9716,
      "precision_at_1": 0.77079,
      "precision_at_3": 0.28668,
      "precision_at_5": 0.17485,
      "precision_at_10": 0.09047,
      "precision_at_20": 0.04665,
      "precision_at_50": 0.01927,
      "precision_at_100": 0.00972,
      "mrr_at_1": 0.7667342799188641,
      "mrr_at_3": 0.8083164300202839,
      "mrr_at_5": 0.8120689655172412,
      "mrr_at_10": 0.8157788402717406,
      "mrr_at_20": 0.8179252550866914,
      "mrr_at_50": 0.8188814456525213,
      "mrr_at_100": 0.8190064822902442,
      "naucs_at_1_max": 0.5360109744410994,
      "naucs_at_1_std": 0.019534293093238998,
      "naucs_at_1_diff1": 0.8842900916267723,
      "naucs_at_3_max": 0.6076368407149056,
      "naucs_at_3_std": 0.12257658588101177,
      "naucs_at_3_diff1": 0.812732722199527,
      "naucs_at_5_max": 0.5822974564054588,
      "naucs_at_5_std": 0.080766390580892,
      "naucs_at_5_diff1": 0.7914810489245343,
      "naucs_at_10_max": 0.611715339111015,
      "naucs_at_10_std": 0.2007837246568356,
      "naucs_at_10_diff1": 0.798575235525369,
      "naucs_at_20_max": 0.5693785250570633,
      "naucs_at_20_std": 0.2484729292145611,
      "naucs_at_20_diff1": 0.8096151855348729,
      "naucs_at_50_max": 0.7726801509079183,
      "naucs_at_50_std": 0.6291441602317716,
      "naucs_at_50_diff1": 0.8378297016865802,
      "naucs_at_100_max": 0.7722431870026234,
      "naucs_at_100_std": 0.6176620023469307,
      "naucs_at_100_diff1": 0.8300024745769788
    }
  ],
  "groups": [
    {
      "start": 0,
      "end": 575
    }
  ],
  "args": {
    "dataset": "vidore/infovqa_test_subsampled_ocr_chunk",
    "model": "ColPali",
    "rerank": null,
    "document_input": "image",
    "only_text": false,
    "size": 1
  }
}