{
  "group_metrics": [
    {
      "ndcg_at_1": 0.4877,
      "ndcg_at_3": 0.54764,
      "ndcg_at_5": 0.57065,
      "ndcg_at_10": 0.5897,
      "ndcg_at_20": 0.60458,
      "ndcg_at_50": 0.61952,
      "ndcg_at_100": 0.62891,
      "map_at_1": 0.4877,
      "map_at_3": 0.53281,
      "map_at_5": 0.54556,
      "map_at_10": 0.55357,
      "map_at_20": 0.55775,
      "map_at_50": 0.56026,
      "map_at_100": 0.56107,
      "recall_at_1": 0.4877,
      "recall_at_3": 0.5906,
      "recall_at_5": 0.64653,
      "recall_at_10": 0.7047,
      "recall_at_20": 0.76286,
      "recall_at_50": 0.83669,
      "recall_at_100": 0.89485,
      "precision_at_1": 0.4877,
      "precision_at_3": 0.19687,
      "precision_at_5": 0.12931,
      "precision_at_10": 0.07047,
      "precision_at_20": 0.03814,
      "precision_at_50": 0.01673,
      "precision_at_100": 0.00895,
      "mrr_at_1": 0.48769574944071586,
      "mrr_at_3": 0.5313199105145416,
      "mrr_at_5": 0.5436241610738257,
      "mrr_at_10": 0.5516387912361067,
      "mrr_at_20": 0.5564497217293466,
      "mrr_at_50": 0.5587662331425868,
      "mrr_at_100": 0.5596301582058771,
      "naucs_at_1_max": 0.3016423320239834,
      "naucs_at_1_std": 0.3037667874287327,
      "naucs_at_1_diff1": 0.8261160869712897,
      "naucs_at_3_max": 0.2380168718748288,
      "naucs_at_3_std": 0.343772073479923,
      "naucs_at_3_diff1": 0.7665803119134715,
      "naucs_at_5_max": 0.1608654560511319,
      "naucs_at_5_std": 0.36579996236993567,
      "naucs_at_5_diff1": 0.7479379587576166,
      "naucs_at_10_max": 0.07624153532473828,
      "naucs_at_10_std": 0.4167502884705113,
      "naucs_at_10_diff1": 0.7179723330068001,
      "naucs_at_20_max": 0.003348466179255218,
      "naucs_at_20_std": 0.5125253241510705,
      "naucs_at_20_diff1": 0.7144193412959581,
      "naucs_at_50_max": -0.09811026063832755,
      "naucs_at_50_std": 0.6297016754271764,
      "naucs_at_50_diff1": 0.7306165912219311,
      "naucs_at_100_max": -0.22429956738333798,
      "naucs_at_100_std": 0.7256057933264844,
      "naucs_at_100_diff1": 0.7586225809017826
    }
  ],
  "groups": [
    {
      "start": 0,
      "end": 714
    }
  ],
  "args": {
    "dataset": "vidore/docvqa_test_subsampled_ocr_chunk",
    "model": "ColPali",
    "rerank": null,
    "document_input": "image",
    "only_text": false,
    "size": 1
  }
}