{
  "group_metrics": [
    {
      "ndcg_at_1": 0.54192,
      "ndcg_at_3": 0.65425,
      "ndcg_at_5": 0.68437,
      "ndcg_at_10": 0.70693,
      "ndcg_at_20": 0.71909,
      "ndcg_at_50": 0.72678,
      "ndcg_at_100": 0.73036,
      "map_at_1": 0.54192,
      "map_at_3": 0.62708,
      "map_at_5": 0.644,
      "map_at_10": 0.6534,
      "map_at_20": 0.65675,
      "map_at_50": 0.65802,
      "map_at_100": 0.65835,
      "recall_at_1": 0.54192,
      "recall_at_3": 0.73269,
      "recall_at_5": 0.80498,
      "recall_at_10": 0.87424,
      "recall_at_20": 0.92224,
      "recall_at_50": 0.96051,
      "recall_at_100": 0.98238,
      "precision_at_1": 0.54192,
      "precision_at_3": 0.24423,
      "precision_at_5": 0.161,
      "precision_at_10": 0.08742,
      "precision_at_20": 0.04611,
      "precision_at_50": 0.01921,
      "precision_at_100": 0.00982,
      "mrr_at_1": 0.5413122721749696,
      "mrr_at_3": 0.6282908059943305,
      "mrr_at_5": 0.6437221547185109,
      "mrr_at_10": 0.6535036837740366,
      "mrr_at_20": 0.656914678651397,
      "mrr_at_50": 0.6581721065457321,
      "mrr_at_100": 0.6585040634114837,
      "naucs_at_1_max": 0.1628416163231653,
      "naucs_at_1_std": -0.16591115500231887,
      "naucs_at_1_diff1": 0.7071832854310715,
      "naucs_at_3_max": 0.21369985930558413,
      "naucs_at_3_std": -0.1510628854416272,
      "naucs_at_3_diff1": 0.5889811849562792,
      "naucs_at_5_max": 0.2609147867984168,
      "naucs_at_5_std": -0.11480663206450356,
      "naucs_at_5_diff1": 0.5807085904998509,
      "naucs_at_10_max": 0.2685323904698234,
      "naucs_at_10_std": -0.051075908513978814,
      "naucs_at_10_diff1": 0.5593417250559107,
      "naucs_at_20_max": 0.3062041666565981,
      "naucs_at_20_std": 0.10525137793571843,
      "naucs_at_20_diff1": 0.535344711689488,
      "naucs_at_50_max": 0.3943192431816842,
      "naucs_at_50_std": 0.28418819165473996,
      "naucs_at_50_diff1": 0.519012342622687,
      "naucs_at_100_max": 0.40368827432040527,
      "naucs_at_100_std": 0.41067495682670246,
      "naucs_at_100_diff1": 0.6785007138392671
    }
  ],
  "groups": [
    {
      "start": 0,
      "end": 4988
    }
  ],
  "args": {
    "dataset": "vidore/tatdqa_test_ocr_chunk",
    "model": "ColPali",
    "rerank": null,
    "document_input": "image+text",
    "only_text": false,
    "size": 1
  }
}