{
  "group_metrics": [
    {
      "ndcg_at_1": 0.9,
      "ndcg_at_3": 0.93024,
      "ndcg_at_5": 0.93454,
      "ndcg_at_10": 0.94085,
      "ndcg_at_20": 0.94085,
      "ndcg_at_50": 0.94264,
      "ndcg_at_100": 0.94264,
      "map_at_1": 0.9,
      "map_at_3": 0.92333,
      "map_at_5": 0.92583,
      "map_at_10": 0.92833,
      "map_at_20": 0.92833,
      "map_at_50": 0.92855,
      "map_at_100": 0.92855,
      "recall_at_1": 0.9,
      "recall_at_3": 0.95,
      "recall_at_5": 0.96,
      "recall_at_10": 0.98,
      "recall_at_20": 0.98,
      "recall_at_50": 0.99,
      "recall_at_100": 0.99,
      "precision_at_1": 0.9,
      "precision_at_3": 0.31667,
      "precision_at_5": 0.192,
      "precision_at_10": 0.098,
      "precision_at_20": 0.049,
      "precision_at_50": 0.0198,
      "precision_at_100": 0.0099,
      "mrr_at_1": 0.9,
      "mrr_at_3": 0.9266666666666667,
      "mrr_at_5": 0.9266666666666667,
      "mrr_at_10": 0.9295833333333334,
      "mrr_at_20": 0.9295833333333334,
      "mrr_at_50": 0.9297960992907801,
      "mrr_at_100": 0.9297960992907801,
      "naucs_at_1_max": 0.5104108309990663,
      "naucs_at_1_std": -0.42105508870214736,
      "naucs_at_1_diff1": 0.9869281045751627,
      "naucs_at_3_max": 0.39654528478057854,
      "naucs_at_3_std": -1.269374416433236,
      "naucs_at_3_diff1": 0.973856209150328,
      "naucs_at_5_max": 0.4649859943977583,
      "naucs_at_5_std": -1.1517273576096958,
      "naucs_at_5_diff1": 0.967320261437907,
      "naucs_at_10_max": 0.9346405228758136,
      "naucs_at_10_std": -0.5634920634920675,
      "naucs_at_10_diff1": 1.0,
      "naucs_at_20_max": 0.9346405228758136,
      "naucs_at_20_std": -0.5634920634920675,
      "naucs_at_20_diff1": 1.0,
      "naucs_at_50_max": 1.0,
      "naucs_at_50_std": -0.5634920634920583,
      "naucs_at_50_diff1": 1.0,
      "naucs_at_100_max": 1.0,
      "naucs_at_100_std": -0.5634920634920583,
      "naucs_at_100_diff1": 1.0
    }
  ],
  "groups": [
    {
      "start": 0,
      "end": 1388
    }
  ],
  "args": {
    "dataset": "vidore/syntheticDocQA_energy_test_ocr_chunk",
    "model": "ColPali",
    "rerank": null,
    "document_input": "image",
    "only_text": false,
    "size": 1
  }
}