{
  "group_metrics": [
    {
      "ndcg_at_1": 0.9,
      "ndcg_at_3": 0.93655,
      "ndcg_at_5": 0.94085,
      "ndcg_at_10": 0.94374,
      "ndcg_at_20": 0.94374,
      "ndcg_at_50": 0.94555,
      "ndcg_at_100": 0.94555,
      "map_at_1": 0.9,
      "map_at_3": 0.92833,
      "map_at_5": 0.93083,
      "map_at_10": 0.93183,
      "map_at_20": 0.93183,
      "map_at_50": 0.93206,
      "map_at_100": 0.93206,
      "recall_at_1": 0.9,
      "recall_at_3": 0.96,
      "recall_at_5": 0.97,
      "recall_at_10": 0.98,
      "recall_at_20": 0.98,
      "recall_at_50": 0.99,
      "recall_at_100": 0.99,
      "precision_at_1": 0.9,
      "precision_at_3": 0.32,
      "precision_at_5": 0.194,
      "precision_at_10": 0.098,
      "precision_at_20": 0.049,
      "precision_at_50": 0.0198,
      "precision_at_100": 0.0099,
      "mrr_at_1": 0.91,
      "mrr_at_3": 0.9366666666666668,
      "mrr_at_5": 0.9366666666666668,
      "mrr_at_10": 0.9379166666666667,
      "mrr_at_20": 0.9379166666666667,
      "mrr_at_50": 0.938138888888889,
      "mrr_at_100": 0.938138888888889,
      "naucs_at_1_max": 0.5360877684407095,
      "naucs_at_1_std": -0.23968253968254113,
      "naucs_at_1_diff1": 0.9738562091503267,
      "naucs_at_3_max": 0.5613912231559312,
      "naucs_at_3_std": -1.0536881419234314,
      "naucs_at_3_diff1": 0.9673202614379101,
      "naucs_at_5_max": 0.7075941487706191,
      "naucs_at_5_std": -0.8249299719887969,
      "naucs_at_5_diff1": 0.9564270152505424,
      "naucs_at_10_max": 1.0,
      "naucs_at_10_std": -0.3674136321195164,
      "naucs_at_10_diff1": 1.0,
      "naucs_at_20_max": 1.0,
      "naucs_at_20_std": -0.3674136321195164,
      "naucs_at_20_diff1": 1.0,
      "naucs_at_50_max": 1.0,
      "naucs_at_50_std": -0.17133520074697067,
      "naucs_at_50_diff1": 1.0,
      "naucs_at_100_max": 1.0,
      "naucs_at_100_std": -0.17133520074697067,
      "naucs_at_100_diff1": 1.0
    }
  ],
  "groups": [
    {
      "start": 0,
      "end": 1388
    }
  ],
  "args": {
    "dataset": "vidore/syntheticDocQA_energy_test_ocr_chunk",
    "model": "ColPali",
    "rerank": null,
    "document_input": "image+text",
    "only_text": false,
    "size": 1
  }
}