{
  "group_metrics": [
    {
      "ndcg_at_1": 0.02612,
      "ndcg_at_3": 0.04066,
      "ndcg_at_5": 0.04688,
      "ndcg_at_10": 0.05512,
      "ndcg_at_20": 0.07044,
      "ndcg_at_50": 0.09588,
      "ndcg_at_100": 0.13579,
      "map_at_1": 0.02612,
      "map_at_3": 0.03726,
      "map_at_5": 0.04069,
      "map_at_10": 0.04397,
      "map_at_20": 0.04808,
      "map_at_50": 0.05197,
      "map_at_100": 0.0554,
      "recall_at_1": 0.02612,
      "recall_at_3": 0.05043,
      "recall_at_5": 0.06561,
      "recall_at_10": 0.09174,
      "recall_at_20": 0.1531,
      "recall_at_50": 0.28372,
      "recall_at_100": 0.53159,
      "precision_at_1": 0.02612,
      "precision_at_3": 0.01681,
      "precision_at_5": 0.01312,
      "precision_at_10": 0.00917,
      "precision_at_20": 0.00765,
      "precision_at_50": 0.00567,
      "precision_at_100": 0.00532,
      "mrr_at_1": 0.02612393681652491,
      "mrr_at_3": 0.0376670716889429,
      "mrr_at_5": 0.040765492102065634,
      "mrr_at_10": 0.04410113984840596,
      "mrr_at_20": 0.04815281182772131,
      "mrr_at_50": 0.052065812504924106,
      "mrr_at_100": 0.05547504589655268,
      "naucs_at_1_max": -0.15862249401654072,
      "naucs_at_1_std": -0.23250705271439798,
      "naucs_at_1_diff1": 0.18129103534103905,
      "naucs_at_3_max": -0.10614480097421816,
      "naucs_at_3_std": -0.1903871036224778,
      "naucs_at_3_diff1": 0.08713683854701358,
      "naucs_at_5_max": -0.055749346175261554,
      "naucs_at_5_std": -0.13696633586910043,
      "naucs_at_5_diff1": 0.09367140410842209,
      "naucs_at_10_max": -0.05319723673131711,
      "naucs_at_10_std": -0.108729283708859,
      "naucs_at_10_diff1": 0.05936276590411204,
      "naucs_at_20_max": -0.06156759356756255,
      "naucs_at_20_std": -0.10854373593287801,
      "naucs_at_20_diff1": 0.08655261499265604,
      "naucs_at_50_max": -0.09432115443861676,
      "naucs_at_50_std": -0.11671632462232844,
      "naucs_at_50_diff1": 0.00459964238882602,
      "naucs_at_100_max": -0.11129164970901868,
      "naucs_at_100_std": -0.13344826712040234,
      "naucs_at_100_diff1": -0.01865129911050585
    }
  ],
  "groups": [
    {
      "start": 0,
      "end": 4988
    }
  ],
  "args": {
    "dataset": "vidore/tatdqa_test_ocr_chunk",
    "model": "SigLIP",
    "rerank": null,
    "document_input": "text",
    "only_text": false,
    "size": 1
  }
}