{
  "group_metrics": [
    {
      "ndcg_at_1": 0.76,
      "ndcg_at_3": 0.83047,
      "ndcg_at_5": 0.84252,
      "ndcg_at_10": 0.84901,
      "ndcg_at_20": 0.84901,
      "ndcg_at_50": 0.85106,
      "ndcg_at_100": 0.85266,
      "map_at_1": 0.76,
      "map_at_3": 0.81333,
      "map_at_5": 0.81983,
      "map_at_10": 0.82251,
      "map_at_20": 0.82251,
      "map_at_50": 0.82287,
      "map_at_100": 0.823,
      "recall_at_1": 0.76,
      "recall_at_3": 0.88,
      "recall_at_5": 0.91,
      "recall_at_10": 0.93,
      "recall_at_20": 0.93,
      "recall_at_50": 0.94,
      "recall_at_100": 0.95,
      "precision_at_1": 0.76,
      "precision_at_3": 0.29333,
      "precision_at_5": 0.182,
      "precision_at_10": 0.093,
      "precision_at_20": 0.0465,
      "precision_at_50": 0.0188,
      "precision_at_100": 0.0095,
      "mrr_at_1": 0.77,
      "mrr_at_3": 0.8183333333333335,
      "mrr_at_5": 0.8248333333333335,
      "mrr_at_10": 0.8275119047619048,
      "mrr_at_20": 0.8275119047619048,
      "mrr_at_50": 0.8278690476190477,
      "mrr_at_100": 0.8279989177489179,
      "naucs_at_1_max": 0.25555940122869186,
      "naucs_at_1_std": -0.3287401574803153,
      "naucs_at_1_diff1": 0.7745522194341085,
      "naucs_at_3_max": -0.02040248170537665,
      "naucs_at_3_std": -0.6862869869551365,
      "naucs_at_3_diff1": 0.72979637289214,
      "naucs_at_5_max": -0.1014628073451595,
      "naucs_at_5_std": -0.9338624338624317,
      "naucs_at_5_diff1": 0.7393920531175434,
      "naucs_at_10_max": -0.19914632519674283,
      "naucs_at_10_std": -1.1377217553688088,
      "naucs_at_10_diff1": 0.664932639722558,
      "naucs_at_20_max": -0.19914632519674283,
      "naucs_at_20_std": -1.1377217553688088,
      "naucs_at_20_diff1": 0.664932639722558,
      "naucs_at_50_max": -0.37721755368813753,
      "naucs_at_50_std": -1.3478057889822515,
      "naucs_at_50_diff1": 0.6833955804544048,
      "naucs_at_100_max": -0.3399626517273581,
      "naucs_at_100_std": -1.5046685340803054,
      "naucs_at_100_diff1": 0.620074696545287
    }
  ],
  "groups": [
    {
      "start": 0,
      "end": 1311
    }
  ],
  "args": {
    "dataset": "vidore/syntheticDocQA_healthcare_industry_test_ocr_chunk",
    "model": "ColPali",
    "rerank": null,
    "document_input": "text",
    "only_text": false,
    "size": 1
  }
}