{
  "group_metrics": [
    {
      "ndcg_at_1": 0.65,
      "ndcg_at_3": 0.77202,
      "ndcg_at_5": 0.79698,
      "ndcg_at_10": 0.80356,
      "ndcg_at_20": 0.80891,
      "ndcg_at_50": 0.81072,
      "ndcg_at_100": 0.81225,
      "map_at_1": 0.65,
      "map_at_3": 0.74167,
      "map_at_5": 0.75567,
      "map_at_10": 0.75844,
      "map_at_20": 0.76007,
      "map_at_50": 0.76029,
      "map_at_100": 0.7604,
      "recall_at_1": 0.65,
      "recall_at_3": 0.86,
      "recall_at_5": 0.92,
      "recall_at_10": 0.94,
      "recall_at_20": 0.96,
      "recall_at_50": 0.97,
      "recall_at_100": 0.98,
      "precision_at_1": 0.65,
      "precision_at_3": 0.28667,
      "precision_at_5": 0.184,
      "precision_at_10": 0.094,
      "precision_at_20": 0.048,
      "precision_at_50": 0.0194,
      "precision_at_100": 0.0098,
      "mrr_at_1": 0.65,
      "mrr_at_3": 0.7416666666666666,
      "mrr_at_5": 0.7556666666666665,
      "mrr_at_10": 0.7584444444444445,
      "mrr_at_20": 0.760067821067821,
      "mrr_at_50": 0.7602900432900433,
      "mrr_at_100": 0.7604011544011544,
      "naucs_at_1_max": 0.029408414028805986,
      "naucs_at_1_std": -0.27022540483359103,
      "naucs_at_1_diff1": 0.2802018064936121,
      "naucs_at_3_max": 0.0905847304974359,
      "naucs_at_3_std": -0.5051267839822626,
      "naucs_at_3_diff1": 0.4273936538728001,
      "naucs_at_5_max": 0.2660480859010278,
      "naucs_at_5_std": -0.5312791783379959,
      "naucs_at_5_diff1": 0.6046918767507017,
      "naucs_at_10_max": 0.35628695922813397,
      "naucs_at_10_std": -0.6741363211951432,
      "naucs_at_10_diff1": 0.6215375038904453,
      "naucs_at_20_max": 0.6050420168067251,
      "naucs_at_20_std": -0.141223155929034,
      "naucs_at_20_diff1": 0.4323062558356693,
      "naucs_at_50_max": 0.47338935574229996,
      "naucs_at_50_std": -0.47805788982259045,
      "naucs_at_50_diff1": 0.28664799253034673,
      "naucs_at_100_max": 0.795751633986937,
      "naucs_at_100_std": 0.1528944911297927,
      "naucs_at_100_diff1": -0.004668534080297299
    }
  ],
  "groups": [
    {
      "start": 0,
      "end": 1311
    }
  ],
  "args": {
    "dataset": "vidore/syntheticDocQA_healthcare_industry_test_ocr_chunk",
    "model": "SigLIP",
    "rerank": null,
    "document_input": "image",
    "only_text": false,
    "size": 1
  }
}