{
  "group_metrics": [
    {
      "ndcg_at_1": 0.02,
      "ndcg_at_3": 0.07786,
      "ndcg_at_5": 0.09421,
      "ndcg_at_10": 0.10654,
      "ndcg_at_20": 0.14133,
      "ndcg_at_50": 0.19056,
      "ndcg_at_100": 0.20992,
      "map_at_1": 0.02,
      "map_at_3": 0.06333,
      "map_at_5": 0.07233,
      "map_at_10": 0.07706,
      "map_at_20": 0.08628,
      "map_at_50": 0.09403,
      "map_at_100": 0.09571,
      "recall_at_1": 0.02,
      "recall_at_3": 0.12,
      "recall_at_5": 0.16,
      "recall_at_10": 0.2,
      "recall_at_20": 0.34,
      "recall_at_50": 0.59,
      "recall_at_100": 0.71,
      "precision_at_1": 0.02,
      "precision_at_3": 0.04,
      "precision_at_5": 0.032,
      "precision_at_10": 0.02,
      "precision_at_20": 0.017,
      "precision_at_50": 0.0118,
      "precision_at_100": 0.0071,
      "mrr_at_1": 0.02,
      "mrr_at_3": 0.06333333333333332,
      "mrr_at_5": 0.07233333333333333,
      "mrr_at_10": 0.07705555555555556,
      "mrr_at_20": 0.08628043971852022,
      "mrr_at_50": 0.09403334176711609,
      "mrr_at_100": 0.09570685099098096,
      "naucs_at_1_max": -0.11000804936946605,
      "naucs_at_1_std": 0.002683123155352798,
      "naucs_at_1_diff1": 0.492889723638315,
      "naucs_at_3_max": 0.23308217230594247,
      "naucs_at_3_std": 0.2169936498910054,
      "naucs_at_3_diff1": 0.06454364515211823,
      "naucs_at_5_max": 0.33002381318174834,
      "naucs_at_5_std": 0.41377323705638336,
      "naucs_at_5_diff1": -0.02890228913811657,
      "naucs_at_10_max": 0.23062641265741038,
      "naucs_at_10_std": 0.3329028091701647,
      "naucs_at_10_diff1": -0.06811430416532142,
      "naucs_at_20_max": 0.17993322557566438,
      "naucs_at_20_std": 0.29922626460690527,
      "naucs_at_20_diff1": -0.09922096504941832,
      "naucs_at_50_max": 0.004431596401895838,
      "naucs_at_50_std": 0.15341834563517096,
      "naucs_at_50_diff1": -0.06173419226084786,
      "naucs_at_100_max": 0.13361006615644094,
      "naucs_at_100_std": 0.18412616051739233,
      "naucs_at_100_diff1": 0.01847562218557187
    }
  ],
  "groups": [
    {
      "start": 0,
      "end": 1311
    }
  ],
  "args": {
    "dataset": "vidore/syntheticDocQA_healthcare_industry_test_ocr_chunk",
    "model": "SigLIP",
    "rerank": null,
    "document_input": "image+text",
    "only_text": false,
    "size": 1
  }
}