{
  "group_metrics": [
    {
      "ndcg_at_1": 0.83665,
      "ndcg_at_3": 0.87479,
      "ndcg_at_5": 0.8861,
      "ndcg_at_10": 0.89529,
      "ndcg_at_20": 0.90127,
      "ndcg_at_50": 0.9055,
      "ndcg_at_100": 0.9055,
      "map_at_1": 0.83665,
      "map_at_3": 0.86587,
      "map_at_5": 0.87205,
      "map_at_10": 0.87595,
      "map_at_20": 0.87756,
      "map_at_50": 0.87835,
      "map_at_100": 0.87835,
      "recall_at_1": 0.83665,
      "recall_at_3": 0.9004,
      "recall_at_5": 0.92829,
      "recall_at_10": 0.95618,
      "recall_at_20": 0.98008,
      "recall_at_50": 1.0,
      "recall_at_100": 1.0,
      "precision_at_1": 0.83665,
      "precision_at_3": 0.30013,
      "precision_at_5": 0.18566,
      "precision_at_10": 0.09562,
      "precision_at_20": 0.049,
      "precision_at_50": 0.02,
      "precision_at_100": 0.01,
      "mrr_at_1": 0.8326693227091634,
      "mrr_at_3": 0.8645418326693227,
      "mrr_at_5": 0.8713147410358565,
      "mrr_at_10": 0.8744245241257192,
      "mrr_at_20": 0.8760472982086528,
      "mrr_at_50": 0.8768407573686456,
      "mrr_at_100": 0.8768407573686456,
      "naucs_at_1_max": 0.6393249206849135,
      "naucs_at_1_std": 0.2528445986615674,
      "naucs_at_1_diff1": 0.8504962472310008,
      "naucs_at_3_max": 0.6596999261534519,
      "naucs_at_3_std": 0.33004304261352585,
      "naucs_at_3_diff1": 0.815501585972039,
      "naucs_at_5_max": 0.6010677703248142,
      "naucs_at_5_std": 0.4133644847533261,
      "naucs_at_5_diff1": 0.796370567333349,
      "naucs_at_10_max": 0.6884029865388731,
      "naucs_at_10_std": 0.591871819006531,
      "naucs_at_10_diff1": 0.7814994563367677,
      "naucs_at_20_max": 0.9738677771993711,
      "naucs_at_20_std": 0.8554144061294015,
      "naucs_at_20_diff1": 0.9216033315981215,
      "naucs_at_50_max": NaN,
      "naucs_at_50_std": NaN,
      "naucs_at_50_diff1": NaN,
      "naucs_at_100_max": NaN,
      "naucs_at_100_std": NaN,
      "naucs_at_100_diff1": NaN
    }
  ],
  "groups": [
    {
      "start": 0,
      "end": 414
    }
  ],
  "args": {
    "dataset": "vidore/tabfquad_test_subsampled_ocr_chunk",
    "model": "ColPali",
    "rerank": null,
    "document_input": "image+text",
    "only_text": false,
    "size": 1
  }
}