{
  "group_metrics": [
    {
      "ndcg_at_1": 0.0,
      "ndcg_at_3": 0.00631,
      "ndcg_at_5": 0.01448,
      "ndcg_at_10": 0.02053,
      "ndcg_at_20": 0.04102,
      "ndcg_at_50": 0.04692,
      "ndcg_at_100": 0.06321,
      "map_at_1": 0.0,
      "map_at_3": 0.005,
      "map_at_5": 0.0095,
      "map_at_10": 0.01175,
      "map_at_20": 0.0175,
      "map_at_50": 0.01841,
      "map_at_100": 0.01987,
      "recall_at_1": 0.0,
      "recall_at_3": 0.01,
      "recall_at_5": 0.03,
      "recall_at_10": 0.05,
      "recall_at_20": 0.13,
      "recall_at_50": 0.16,
      "recall_at_100": 0.26,
      "precision_at_1": 0.0,
      "precision_at_3": 0.00333,
      "precision_at_5": 0.006,
      "precision_at_10": 0.005,
      "precision_at_20": 0.0065,
      "precision_at_50": 0.0032,
      "precision_at_100": 0.0026,
      "mrr_at_1": 0.0,
      "mrr_at_3": 0.005,
      "mrr_at_5": 0.0095,
      "mrr_at_10": 0.01175,
      "mrr_at_20": 0.01750068395656631,
      "mrr_at_50": 0.018413811369693722,
      "mrr_at_100": 0.019870599983993185,
      "naucs_at_1_max": NaN,
      "naucs_at_1_std": NaN,
      "naucs_at_1_diff1": NaN,
      "naucs_at_3_max": -0.5747249798765764,
      "naucs_at_3_std": -0.5747249798765764,
      "naucs_at_3_diff1": 0.3238529648510868,
      "naucs_at_5_max": -0.22198372238619085,
      "naucs_at_5_std": -0.15222252034701733,
      "naucs_at_5_diff1": 0.01583042661658164,
      "naucs_at_10_max": -0.22844110544674,
      "naucs_at_10_std": -0.2892943386101422,
      "naucs_at_10_diff1": 0.12648242554333242,
      "naucs_at_20_max": -0.007700745450068368,
      "naucs_at_20_std": -0.08063396834635442,
      "naucs_at_20_diff1": 0.07738801459559895,
      "naucs_at_50_max": -0.03391457981256727,
      "naucs_at_50_std": -0.09849823321554779,
      "naucs_at_50_diff1": 0.12786142264556752,
      "naucs_at_100_max": 0.02491977682056035,
      "naucs_at_100_std": -0.003960567777745627,
      "naucs_at_100_diff1": -0.0007371859732299857
    }
  ],
  "groups": [
    {
      "start": 0,
      "end": 1303
    }
  ],
  "args": {
    "dataset": "vidore/shiftproject_test_ocr_chunk",
    "model": "SigLIP",
    "rerank": null,
    "document_input": "image+text",
    "only_text": false,
    "size": 1
  }
}