{
  "group_metrics": [
    {
      "ndcg_at_1": 0.07968,
      "ndcg_at_3": 0.14181,
      "ndcg_at_5": 0.16752,
      "ndcg_at_10": 0.19971,
      "ndcg_at_20": 0.24303,
      "ndcg_at_50": 0.31544,
      "ndcg_at_100": 0.33383,
      "map_at_1": 0.07968,
      "map_at_3": 0.12616,
      "map_at_5": 0.14011,
      "map_at_10": 0.15337,
      "map_at_20": 0.16474,
      "map_at_50": 0.17622,
      "map_at_100": 0.17812,
      "recall_at_1": 0.07968,
      "recall_at_3": 0.18725,
      "recall_at_5": 0.251,
      "recall_at_10": 0.3506,
      "recall_at_20": 0.5259,
      "recall_at_50": 0.89243,
      "recall_at_100": 1.0,
      "precision_at_1": 0.07968,
      "precision_at_3": 0.06242,
      "precision_at_5": 0.0502,
      "precision_at_10": 0.03506,
      "precision_at_20": 0.02629,
      "precision_at_50": 0.01785,
      "precision_at_100": 0.01,
      "mrr_at_1": 0.0796812749003984,
      "mrr_at_3": 0.12616201859229745,
      "mrr_at_5": 0.14010624169986716,
      "mrr_at_10": 0.15336906342882448,
      "mrr_at_20": 0.1647414715504587,
      "mrr_at_50": 0.17621990050073935,
      "mrr_at_100": 0.17812002357276424,
      "naucs_at_1_max": 0.1136075190346701,
      "naucs_at_1_std": 0.012338323663656985,
      "naucs_at_1_diff1": 0.2063111734746714,
      "naucs_at_3_max": 0.09029898912513609,
      "naucs_at_3_std": 0.09561959097792491,
      "naucs_at_3_diff1": -0.019982736037589807,
      "naucs_at_5_max": 0.038857492846597216,
      "naucs_at_5_std": 0.06449778083573852,
      "naucs_at_5_diff1": -0.07930253850709675,
      "naucs_at_10_max": -0.07633527614570637,
      "naucs_at_10_std": -0.026240361398795334,
      "naucs_at_10_diff1": -0.10119336838602594,
      "naucs_at_20_max": -0.05796282832968027,
      "naucs_at_20_std": -0.02559587631356442,
      "naucs_at_20_diff1": -0.005179039800910905,
      "naucs_at_50_max": -0.0039070307490646616,
      "naucs_at_50_std": 0.04460720815697484,
      "naucs_at_50_diff1": 0.12059225032052218,
      "naucs_at_100_max": NaN,
      "naucs_at_100_std": NaN,
      "naucs_at_100_diff1": NaN
    }
  ],
  "groups": [
    {
      "start": 0,
      "end": 414
    }
  ],
  "args": {
    "dataset": "vidore/tabfquad_test_subsampled_ocr_chunk",
    "model": "SigLIP",
    "rerank": null,
    "document_input": "image+text",
    "only_text": false,
    "size": 1
  }
}