{
  "group_metrics": [
    {
      "ndcg_at_1": 0.85,
      "ndcg_at_3": 0.9294,
      "ndcg_at_5": 0.93371,
      "ndcg_at_10": 0.93727,
      "ndcg_at_20": 0.93727,
      "ndcg_at_50": 0.93727,
      "ndcg_at_100": 0.93727,
      "map_at_1": 0.85,
      "map_at_3": 0.91167,
      "map_at_5": 0.91417,
      "map_at_10": 0.91583,
      "map_at_20": 0.91583,
      "map_at_50": 0.91583,
      "map_at_100": 0.91583,
      "recall_at_1": 0.85,
      "recall_at_3": 0.98,
      "recall_at_5": 0.99,
      "recall_at_10": 1.0,
      "recall_at_20": 1.0,
      "recall_at_50": 1.0,
      "recall_at_100": 1.0,
      "precision_at_1": 0.85,
      "precision_at_3": 0.32667,
      "precision_at_5": 0.198,
      "precision_at_10": 0.1,
      "precision_at_20": 0.05,
      "precision_at_50": 0.02,
      "precision_at_100": 0.01,
      "mrr_at_1": 0.85,
      "mrr_at_3": 0.9133333333333333,
      "mrr_at_5": 0.9158333333333333,
      "mrr_at_10": 0.9175,
      "mrr_at_20": 0.9175,
      "mrr_at_50": 0.9175,
      "mrr_at_100": 0.9175,
      "naucs_at_1_max": 0.5402863651155229,
      "naucs_at_1_std": 0.05278229742922248,
      "naucs_at_1_diff1": 0.8721444842173784,
      "naucs_at_3_max": -0.10270774976658166,
      "naucs_at_3_std": -0.661531279178345,
      "naucs_at_3_diff1": 1.0,
      "naucs_at_5_max": -0.5634920634920767,
      "naucs_at_5_std": -0.1713352007469681,
      "naucs_at_5_diff1": 1.0,
      "naucs_at_10_max": 1.0,
      "naucs_at_10_std": 1.0,
      "naucs_at_10_diff1": 1.0,
      "naucs_at_20_max": 1.0,
      "naucs_at_20_std": 1.0,
      "naucs_at_20_diff1": 1.0,
      "naucs_at_50_max": NaN,
      "naucs_at_50_std": NaN,
      "naucs_at_50_diff1": NaN,
      "naucs_at_100_max": NaN,
      "naucs_at_100_std": NaN,
      "naucs_at_100_diff1": NaN
    }
  ],
  "groups": [
    {
      "start": 0,
      "end": 1336
    }
  ],
  "args": {
    "dataset": "vidore/syntheticDocQA_government_reports_test_ocr_chunk",
    "model": "ColPali",
    "rerank": null,
    "document_input": "image+text",
    "only_text": false,
    "size": 1
  }
}