{
  "group_metrics": [
    {
      "ndcg_at_1": 0.03,
      "ndcg_at_3": 0.05393,
      "ndcg_at_5": 0.07072,
      "ndcg_at_10": 0.09499,
      "ndcg_at_20": 0.10507,
      "ndcg_at_50": 0.14295,
      "ndcg_at_100": 0.17327,
      "map_at_1": 0.03,
      "map_at_3": 0.04833,
      "map_at_5": 0.05783,
      "map_at_10": 0.06692,
      "map_at_20": 0.06965,
      "map_at_50": 0.07578,
      "map_at_100": 0.0783,
      "recall_at_1": 0.03,
      "recall_at_3": 0.07,
      "recall_at_5": 0.11,
      "recall_at_10": 0.19,
      "recall_at_20": 0.23,
      "recall_at_50": 0.42,
      "recall_at_100": 0.61,
      "precision_at_1": 0.03,
      "precision_at_3": 0.02333,
      "precision_at_5": 0.022,
      "precision_at_10": 0.019,
      "precision_at_20": 0.0115,
      "precision_at_50": 0.0084,
      "precision_at_100": 0.0061,
      "mrr_at_1": 0.03,
      "mrr_at_3": 0.04833333333333333,
      "mrr_at_5": 0.057833333333333334,
      "mrr_at_10": 0.06691666666666667,
      "mrr_at_20": 0.06965018315018315,
      "mrr_at_50": 0.07578118686033707,
      "mrr_at_100": 0.07829870718256644,
      "naucs_at_1_max": -0.18540381003488057,
      "naucs_at_1_std": -0.20230748591360342,
      "naucs_at_1_diff1": 0.3614166890260264,
      "naucs_at_3_max": -0.08003373069109584,
      "naucs_at_3_std": -0.0993522174096362,
      "naucs_at_3_diff1": 0.07593238529648512,
      "naucs_at_5_max": -0.07318116616755169,
      "naucs_at_5_std": -0.13025643606714135,
      "naucs_at_5_diff1": 0.17603241311623924,
      "naucs_at_10_max": -0.12580498713702035,
      "naucs_at_10_std": -0.07954870277268689,
      "naucs_at_10_diff1": 0.1275200511156323,
      "naucs_at_20_max": -0.09993746282088427,
      "naucs_at_20_std": -0.15321608883330023,
      "naucs_at_20_diff1": 0.21511264318726067,
      "naucs_at_50_max": 0.0027218290691343005,
      "naucs_at_50_std": -0.11685719470150632,
      "naucs_at_50_diff1": 0.25084895144775393,
      "naucs_at_100_max": -0.21518891725711203,
      "naucs_at_100_std": -0.24306195519163654,
      "naucs_at_100_diff1": 0.18489870530116445
    }
  ],
  "groups": [
    {
      "start": 0,
      "end": 1388
    }
  ],
  "args": {
    "dataset": "vidore/syntheticDocQA_energy_test_ocr_chunk",
    "model": "SigLIP",
    "rerank": null,
    "document_input": "image+text",
    "only_text": false,
    "size": 1
  }
}