{
  "group_metrics": [
    {
      "ndcg_at_1": 0.13,
      "ndcg_at_3": 0.16393,
      "ndcg_at_5": 0.18072,
      "ndcg_at_10": 0.22618,
      "ndcg_at_20": 0.24584,
      "ndcg_at_50": 0.27591,
      "ndcg_at_100": 0.29693,
      "map_at_1": 0.13,
      "map_at_3": 0.155,
      "map_at_5": 0.1645,
      "map_at_10": 0.18334,
      "map_at_20": 0.18844,
      "map_at_50": 0.1934,
      "map_at_100": 0.19523,
      "recall_at_1": 0.13,
      "recall_at_3": 0.19,
      "recall_at_5": 0.23,
      "recall_at_10": 0.37,
      "recall_at_20": 0.45,
      "recall_at_50": 0.6,
      "recall_at_100": 0.73,
      "precision_at_1": 0.13,
      "precision_at_3": 0.06333,
      "precision_at_5": 0.046,
      "precision_at_10": 0.037,
      "precision_at_20": 0.0225,
      "precision_at_50": 0.012,
      "precision_at_100": 0.0073,
      "mrr_at_1": 0.13,
      "mrr_at_3": 0.155,
      "mrr_at_5": 0.16450000000000004,
      "mrr_at_10": 0.18333730158730155,
      "mrr_at_20": 0.18844471683287473,
      "mrr_at_50": 0.1934038293404609,
      "mrr_at_100": 0.1952340280252745,
      "naucs_at_1_max": 0.1121980703364599,
      "naucs_at_1_std": 0.17196839112623408,
      "naucs_at_1_diff1": 0.25005036824785665,
      "naucs_at_3_max": 0.20069611420308367,
      "naucs_at_3_std": 0.2883661493450809,
      "naucs_at_3_diff1": 0.16410808265935808,
      "naucs_at_5_max": 0.12007138390201481,
      "naucs_at_5_std": 0.27112155092204204,
      "naucs_at_5_diff1": 0.10304906880614997,
      "naucs_at_10_max": 0.24476684208464475,
      "naucs_at_10_std": 0.3627495788662688,
      "naucs_at_10_diff1": 0.13954217213596415,
      "naucs_at_20_max": 0.15270084462777492,
      "naucs_at_20_std": 0.3130884567537491,
      "naucs_at_20_diff1": 0.05038957637661275,
      "naucs_at_50_max": 0.2923271000296822,
      "naucs_at_50_std": 0.2613089937666963,
      "naucs_at_50_diff1": 0.07110418521816558,
      "naucs_at_100_max": 0.24779335155005996,
      "naucs_at_100_std": 0.19180640468654772,
      "naucs_at_100_diff1": -0.03214138276750046
    }
  ],
  "groups": [
    {
      "start": 0,
      "end": 1303
    }
  ],
  "args": {
    "dataset": "vidore/shiftproject_test_ocr_chunk",
    "model": "SigLIP",
    "rerank": null,
    "document_input": "image",
    "only_text": false,
    "size": 1
  }
}