{
  "group_metrics": [
    {
      "ndcg_at_1": 0.73,
      "ndcg_at_3": 0.79417,
      "ndcg_at_5": 0.80234,
      "ndcg_at_10": 0.80865,
      "ndcg_at_20": 0.81093,
      "ndcg_at_50": 0.81277,
      "ndcg_at_100": 0.81958,
      "map_at_1": 0.73,
      "map_at_3": 0.77833,
      "map_at_5": 0.78283,
      "map_at_10": 0.78533,
      "map_at_20": 0.78583,
      "map_at_50": 0.78607,
      "map_at_100": 0.78677,
      "recall_at_1": 0.73,
      "recall_at_3": 0.84,
      "recall_at_5": 0.86,
      "recall_at_10": 0.88,
      "recall_at_20": 0.89,
      "recall_at_50": 0.9,
      "recall_at_100": 0.94,
      "precision_at_1": 0.73,
      "precision_at_3": 0.28,
      "precision_at_5": 0.172,
      "precision_at_10": 0.088,
      "precision_at_20": 0.0445,
      "precision_at_50": 0.018,
      "precision_at_100": 0.0094,
      "mrr_at_1": 0.75,
      "mrr_at_3": 0.7983333333333333,
      "mrr_at_5": 0.8003333333333331,
      "mrr_at_10": 0.8015833333333332,
      "mrr_at_20": 0.8021096491228069,
      "mrr_at_50": 0.8025728070175439,
      "mrr_at_100": 0.803178821273558,
      "naucs_at_1_max": 0.6031178124201381,
      "naucs_at_1_std": 0.20617664982602346,
      "naucs_at_1_diff1": 0.8428709036938015,
      "naucs_at_3_max": 0.5690353460972015,
      "naucs_at_3_std": 0.22425748649975438,
      "naucs_at_3_diff1": 0.6952319587628858,
      "naucs_at_5_max": 0.674310655396978,
      "naucs_at_5_std": 0.3177913260357498,
      "naucs_at_5_diff1": 0.7222183732852981,
      "naucs_at_10_max": 0.7415685650652232,
      "naucs_at_10_std": 0.5276805599745468,
      "naucs_at_10_diff1": 0.7347677378300999,
      "naucs_at_20_max": 0.7088738080920891,
      "naucs_at_20_std": 0.4778799072244642,
      "naucs_at_20_diff1": 0.7015290782578819,
      "naucs_at_50_max": 0.6704948646125137,
      "naucs_at_50_std": 0.41942110177404246,
      "naucs_at_50_diff1": 0.6902894491129787,
      "naucs_at_100_max": 0.5251322751322752,
      "naucs_at_100_std": 0.2493775287892966,
      "naucs_at_100_diff1": 0.6651104886399021
    }
  ],
  "groups": [
    {
      "start": 0,
      "end": 1388
    }
  ],
  "args": {
    "dataset": "vidore/syntheticDocQA_energy_test_ocr_chunk",
    "model": "ColPali",
    "rerank": null,
    "document_input": "text",
    "only_text": false,
    "size": 1
  }
}