{
  "group_metrics": [
    {
      "ndcg_at_1": 0.01,
      "ndcg_at_3": 0.02131,
      "ndcg_at_5": 0.03379,
      "ndcg_at_10": 0.04907,
      "ndcg_at_20": 0.08196,
      "ndcg_at_50": 0.10732,
      "ndcg_at_100": 0.1282,
      "map_at_1": 0.01,
      "map_at_3": 0.01833,
      "map_at_5": 0.02533,
      "map_at_10": 0.03112,
      "map_at_20": 0.04015,
      "map_at_50": 0.04403,
      "map_at_100": 0.04582,
      "recall_at_1": 0.01,
      "recall_at_3": 0.03,
      "recall_at_5": 0.06,
      "recall_at_10": 0.11,
      "recall_at_20": 0.24,
      "recall_at_50": 0.37,
      "recall_at_100": 0.5,
      "precision_at_1": 0.01,
      "precision_at_3": 0.01,
      "precision_at_5": 0.012,
      "precision_at_10": 0.011,
      "precision_at_20": 0.012,
      "precision_at_50": 0.0074,
      "precision_at_100": 0.005,
      "mrr_at_1": 0.01,
      "mrr_at_3": 0.018333333333333333,
      "mrr_at_5": 0.025333333333333333,
      "mrr_at_10": 0.031123015873015872,
      "mrr_at_20": 0.04015469618101198,
      "mrr_at_50": 0.04403433624216464,
      "mrr_at_100": 0.04581742525883899,
      "naucs_at_1_max": 0.32385296485108656,
      "naucs_at_1_std": 0.09847061980144886,
      "naucs_at_1_diff1": -0.20579554601556216,
      "naucs_at_3_max": 0.7746176549503622,
      "naucs_at_3_std": 0.6994902066004829,
      "naucs_at_3_diff1": 0.1285215991414006,
      "naucs_at_5_max": 0.4176281191306681,
      "naucs_at_5_std": 0.4088632501565156,
      "naucs_at_5_diff1": -0.10839817547625427,
      "naucs_at_10_max": 0.24201625688904546,
      "naucs_at_10_std": 0.288874348843647,
      "naucs_at_10_diff1": -0.11352140322621242,
      "naucs_at_20_max": 0.0563144021087945,
      "naucs_at_20_std": 0.0766534867002156,
      "naucs_at_20_diff1": 0.04768751497723447,
      "naucs_at_50_max": 0.0021415792841378094,
      "naucs_at_50_std": -0.011922328575719048,
      "naucs_at_50_diff1": 0.06949685945233017,
      "naucs_at_100_max": 0.03580279813457669,
      "naucs_at_100_std": 0.03385742838107888,
      "naucs_at_100_diff1": 0.031032644903397594
    }
  ],
  "groups": [
    {
      "start": 0,
      "end": 1336
    }
  ],
  "args": {
    "dataset": "vidore/syntheticDocQA_government_reports_test_ocr_chunk",
    "model": "SigLIP",
    "rerank": null,
    "document_input": "image+text",
    "only_text": false,
    "size": 1
  }
}