{
  "group_metrics": [
    {
      "ndcg_at_1": 0.3706,
      "ndcg_at_3": 0.4647,
      "ndcg_at_5": 0.4882,
      "ndcg_at_10": 0.51708,
      "ndcg_at_20": 0.5347,
      "ndcg_at_50": 0.55176,
      "ndcg_at_100": 0.56337,
      "map_at_1": 0.3706,
      "map_at_3": 0.44158,
      "map_at_5": 0.45461,
      "map_at_10": 0.46653,
      "map_at_20": 0.47158,
      "map_at_50": 0.47429,
      "map_at_100": 0.47528,
      "recall_at_1": 0.3706,
      "recall_at_3": 0.53159,
      "recall_at_5": 0.5887,
      "recall_at_10": 0.67801,
      "recall_at_20": 0.74605,
      "recall_at_50": 0.83232,
      "recall_at_100": 0.90462,
      "precision_at_1": 0.3706,
      "precision_at_3": 0.1772,
      "precision_at_5": 0.11774,
      "precision_at_10": 0.0678,
      "precision_at_20": 0.0373,
      "precision_at_50": 0.01665,
      "precision_at_100": 0.00905,
      "mrr_at_1": 0.3712029161603888,
      "mrr_at_3": 0.4418793033616849,
      "mrr_at_5": 0.4551539084649661,
      "mrr_at_10": 0.4669386101949893,
      "mrr_at_20": 0.472081484743713,
      "mrr_at_50": 0.47465285363657794,
      "mrr_at_100": 0.47565759544234154,
      "naucs_at_1_max": 0.17502133735029204,
      "naucs_at_1_std": -0.03893894612519205,
      "naucs_at_1_diff1": 0.5939641805524063,
      "naucs_at_3_max": 0.1653379119092851,
      "naucs_at_3_std": -0.031023193388168984,
      "naucs_at_3_diff1": 0.4941926807453711,
      "naucs_at_5_max": 0.1388049512008463,
      "naucs_at_5_std": -0.044459158044768604,
      "naucs_at_5_diff1": 0.4614380062454139,
      "naucs_at_10_max": 0.136110920697926,
      "naucs_at_10_std": -0.03233724211920201,
      "naucs_at_10_diff1": 0.4331543881970486,
      "naucs_at_20_max": 0.1772959452576818,
      "naucs_at_20_std": 0.04642359902622998,
      "naucs_at_20_diff1": 0.39686346368807945,
      "naucs_at_50_max": 0.14651189150671395,
      "naucs_at_50_std": 0.02759527959482607,
      "naucs_at_50_diff1": 0.3378412331240654,
      "naucs_at_100_max": 0.15119246307675824,
      "naucs_at_100_std": -0.009378518070768102,
      "naucs_at_100_diff1": 0.33728919981935784
    }
  ],
  "groups": [
    {
      "start": 0,
      "end": 4988
    }
  ],
  "args": {
    "dataset": "vidore/tatdqa_test_ocr_chunk",
    "model": "ColPali",
    "rerank": null,
    "document_input": "text",
    "only_text": false,
    "size": 1
  }
}