{
  "group_metrics": [
    {
      "ndcg_at_1": 0.78499,
      "ndcg_at_3": 0.83476,
      "ndcg_at_5": 0.84217,
      "ndcg_at_10": 0.85284,
      "ndcg_at_20": 0.86106,
      "ndcg_at_50": 0.86425,
      "ndcg_at_100": 0.86523,
      "map_at_1": 0.78499,
      "map_at_3": 0.82252,
      "map_at_5": 0.82657,
      "map_at_10": 0.83068,
      "map_at_20": 0.83295,
      "map_at_50": 0.83345,
      "map_at_100": 0.83353,
      "recall_at_1": 0.78499,
      "recall_at_3": 0.87018,
      "recall_at_5": 0.88844,
      "recall_at_10": 0.92292,
      "recall_at_20": 0.95538,
      "recall_at_50": 0.9716,
      "recall_at_100": 0.97769,
      "precision_at_1": 0.78499,
      "precision_at_3": 0.29006,
      "precision_at_5": 0.17769,
      "precision_at_10": 0.09229,
      "precision_at_20": 0.04777,
      "precision_at_50": 0.01943,
      "precision_at_100": 0.00978,
      "mrr_at_1": 0.7809330628803245,
      "mrr_at_3": 0.8215010141987829,
      "mrr_at_5": 0.8246450304259634,
      "mrr_at_10": 0.8295123796645093,
      "mrr_at_20": 0.8314005051175279,
      "mrr_at_50": 0.8318842716366208,
      "mrr_at_100": 0.8319675337816043,
      "naucs_at_1_max": 0.5381342413859809,
      "naucs_at_1_std": 0.018209539869887936,
      "naucs_at_1_diff1": 0.8951002332717933,
      "naucs_at_3_max": 0.5754703176798063,
      "naucs_at_3_std": 0.06885225631956392,
      "naucs_at_3_diff1": 0.8459088441617446,
      "naucs_at_5_max": 0.553558542530855,
      "naucs_at_5_std": 0.08514915063540335,
      "naucs_at_5_diff1": 0.8245881621615789,
      "naucs_at_10_max": 0.5462036770882037,
      "naucs_at_10_std": 0.19184399734236973,
      "naucs_at_10_diff1": 0.8041687786049951,
      "naucs_at_20_max": 0.5571525850953709,
      "naucs_at_20_std": 0.3401175540047604,
      "naucs_at_20_diff1": 0.8342186752003925,
      "naucs_at_50_max": 0.8014195715089512,
      "naucs_at_50_std": 0.7946672946765905,
      "naucs_at_50_diff1": 0.8708778314421869,
      "naucs_at_100_max": 0.7710122965806064,
      "naucs_at_100_std": 0.7505429778275297,
      "naucs_at_100_diff1": 0.847538206438299
    }
  ],
  "groups": [
    {
      "start": 0,
      "end": 575
    }
  ],
  "args": {
    "dataset": "vidore/infovqa_test_subsampled_ocr_chunk",
    "model": "ColPali",
    "rerank": null,
    "document_input": "image+text",
    "only_text": false,
    "size": 1
  }
}