{
  "group_metrics": [
    {
      "ndcg_at_1": 0.02637,
      "ndcg_at_3": 0.05721,
      "ndcg_at_5": 0.06628,
      "ndcg_at_10": 0.08092,
      "ndcg_at_20": 0.10362,
      "ndcg_at_50": 0.13935,
      "ndcg_at_100": 0.16194,
      "map_at_1": 0.02637,
      "map_at_3": 0.04902,
      "map_at_5": 0.05399,
      "map_at_10": 0.06016,
      "map_at_20": 0.06645,
      "map_at_50": 0.07215,
      "map_at_100": 0.0741,
      "recall_at_1": 0.02637,
      "recall_at_3": 0.08114,
      "recall_at_5": 0.10345,
      "recall_at_10": 0.14807,
      "recall_at_20": 0.23732,
      "recall_at_50": 0.41785,
      "recall_at_100": 0.55781,
      "precision_at_1": 0.02637,
      "precision_at_3": 0.02705,
      "precision_at_5": 0.02069,
      "precision_at_10": 0.01481,
      "precision_at_20": 0.01187,
      "precision_at_50": 0.00836,
      "precision_at_100": 0.00558,
      "mrr_at_1": 0.02636916835699797,
      "mrr_at_3": 0.049019607843137226,
      "mrr_at_5": 0.053989181879648386,
      "mrr_at_10": 0.06015728130332591,
      "mrr_at_20": 0.06645263679446574,
      "mrr_at_50": 0.0721482407158752,
      "mrr_at_100": 0.07410280356321708,
      "naucs_at_1_max": -0.14175218353776944,
      "naucs_at_1_std": -0.17441082017093565,
      "naucs_at_1_diff1": 0.06860715993703989,
      "naucs_at_3_max": -0.16875155482749357,
      "naucs_at_3_std": -0.16384904754149396,
      "naucs_at_3_diff1": -0.10631550621337747,
      "naucs_at_5_max": -0.1808827476589852,
      "naucs_at_5_std": -0.18884937472775237,
      "naucs_at_5_diff1": -0.09519847561159608,
      "naucs_at_10_max": -0.13753688748412024,
      "naucs_at_10_std": -0.15417124095177936,
      "naucs_at_10_diff1": -0.04847919742455497,
      "naucs_at_20_max": -0.11696567795527166,
      "naucs_at_20_std": -0.08696044840656789,
      "naucs_at_20_diff1": -0.09909278370866664,
      "naucs_at_50_max": -0.13429149435891427,
      "naucs_at_50_std": -0.12333166347988626,
      "naucs_at_50_diff1": -0.0702556334760979,
      "naucs_at_100_max": -0.11365948905525511,
      "naucs_at_100_std": -0.09579024994324947,
      "naucs_at_100_diff1": -0.06324608505767088
    }
  ],
  "groups": [
    {
      "start": 0,
      "end": 575
    }
  ],
  "args": {
    "dataset": "vidore/infovqa_test_subsampled_ocr_chunk",
    "model": "SigLIP",
    "rerank": null,
    "document_input": "text",
    "only_text": false,
    "size": 1
  }
}