{
  "group_metrics": [
    {
      "ndcg_at_1": 0.04,
      "ndcg_at_3": 0.05893,
      "ndcg_at_5": 0.0671,
      "ndcg_at_10": 0.0766,
      "ndcg_at_20": 0.09634,
      "ndcg_at_50": 0.12439,
      "ndcg_at_100": 0.14573,
      "map_at_1": 0.04,
      "map_at_3": 0.055,
      "map_at_5": 0.0595,
      "map_at_10": 0.06329,
      "map_at_20": 0.06846,
      "map_at_50": 0.07309,
      "map_at_100": 0.07505,
      "recall_at_1": 0.04,
      "recall_at_3": 0.07,
      "recall_at_5": 0.09,
      "recall_at_10": 0.12,
      "recall_at_20": 0.2,
      "recall_at_50": 0.34,
      "recall_at_100": 0.47,
      "precision_at_1": 0.04,
      "precision_at_3": 0.02333,
      "precision_at_5": 0.018,
      "precision_at_10": 0.012,
      "precision_at_20": 0.01,
      "precision_at_50": 0.0068,
      "precision_at_100": 0.0047,
      "mrr_at_1": 0.04,
      "mrr_at_3": 0.055,
      "mrr_at_5": 0.059500000000000004,
      "mrr_at_10": 0.06328968253968253,
      "mrr_at_20": 0.06846464032183845,
      "mrr_at_50": 0.07308743614477194,
      "mrr_at_100": 0.07504707258320294,
      "naucs_at_1_max": 0.5210625167695198,
      "naucs_at_1_std": 0.11255701636705119,
      "naucs_at_1_diff1": 0.6055808961631337,
      "naucs_at_3_max": 0.3036145501935683,
      "naucs_at_3_std": 0.07742726819732458,
      "naucs_at_3_diff1": 0.20514393039211937,
      "naucs_at_5_max": 0.3832394240228962,
      "naucs_at_5_std": 0.24487970664520184,
      "naucs_at_5_diff1": 0.20680917031869556,
      "naucs_at_10_max": 0.3281205572931473,
      "naucs_at_10_std": 0.2366363377878873,
      "naucs_at_10_diff1": 0.210619846460051,
      "naucs_at_20_max": 0.23245075879883734,
      "naucs_at_20_std": 0.1827252179528575,
      "naucs_at_20_diff1": 0.06708104617371627,
      "naucs_at_50_max": 0.1603778584488193,
      "naucs_at_50_std": 0.11080049815840377,
      "naucs_at_50_diff1": -0.051471952092000436,
      "naucs_at_100_max": 0.07257479660860486,
      "naucs_at_100_std": 0.04636137079866542,
      "naucs_at_100_diff1": 0.03347881696752314
    }
  ],
  "groups": [
    {
      "start": 0,
      "end": 1208
    }
  ],
  "args": {
    "dataset": "vidore/syntheticDocQA_artificial_intelligence_test_ocr_chunk",
    "model": "SigLIP",
    "rerank": null,
    "document_input": "image+text",
    "only_text": false,
    "size": 1
  }
}