{
  "group_metrics": [
    {
      "ndcg_at_1": 0.06375,
      "ndcg_at_3": 0.10283,
      "ndcg_at_5": 0.12478,
      "ndcg_at_10": 0.1612,
      "ndcg_at_20": 0.20019,
      "ndcg_at_50": 0.28049,
      "ndcg_at_100": 0.30505,
      "map_at_1": 0.06375,
      "map_at_3": 0.09296,
      "map_at_5": 0.10551,
      "map_at_10": 0.12075,
      "map_at_20": 0.13128,
      "map_at_50": 0.14402,
      "map_at_100": 0.14657,
      "recall_at_1": 0.06375,
      "recall_at_3": 0.13147,
      "recall_at_5": 0.18327,
      "recall_at_10": 0.29482,
      "recall_at_20": 0.4502,
      "recall_at_50": 0.85657,
      "recall_at_100": 1.0,
      "precision_at_1": 0.06375,
      "precision_at_3": 0.04382,
      "precision_at_5": 0.03665,
      "precision_at_10": 0.02948,
      "precision_at_20": 0.02251,
      "precision_at_50": 0.01713,
      "precision_at_100": 0.01,
      "mrr_at_1": 0.06374501992031872,
      "mrr_at_3": 0.09296148738379813,
      "mrr_at_5": 0.10551128818061087,
      "mrr_at_10": 0.12035192563081008,
      "mrr_at_20": 0.13122442738914933,
      "mrr_at_50": 0.14399557581984423,
      "mrr_at_100": 0.1465472987313472,
      "naucs_at_1_max": 0.11204920897333245,
      "naucs_at_1_std": -0.0023112536338235658,
      "naucs_at_1_diff1": 0.05924752962365647,
      "naucs_at_3_max": 0.07812913909454476,
      "naucs_at_3_std": 0.08543135549881509,
      "naucs_at_3_diff1": -0.12433732893413621,
      "naucs_at_5_max": 0.07967200640448807,
      "naucs_at_5_std": 0.08338206780283154,
      "naucs_at_5_diff1": -0.10464742447749247,
      "naucs_at_10_max": 0.014337063144016145,
      "naucs_at_10_std": 0.021565821054789526,
      "naucs_at_10_diff1": -0.10012618168844353,
      "naucs_at_20_max": 0.013944673469127028,
      "naucs_at_20_std": 0.02180495250279696,
      "naucs_at_20_diff1": 0.005823063595306787,
      "naucs_at_50_max": 0.03705322792074239,
      "naucs_at_50_std": 0.029717070460366094,
      "naucs_at_50_diff1": 0.15801107113182658,
      "naucs_at_100_max": NaN,
      "naucs_at_100_std": NaN,
      "naucs_at_100_diff1": NaN
    }
  ],
  "groups": [
    {
      "start": 0,
      "end": 414
    }
  ],
  "args": {
    "dataset": "vidore/tabfquad_test_subsampled_ocr_chunk",
    "model": "SigLIP",
    "rerank": null,
    "document_input": "text",
    "only_text": false,
    "size": 1
  }
}